Actual,Predicted,Placement_Probability
0,0,0.04108632690705772
1,1,0.9980804372552946
1,1,0.9074110491215263
0,0,0.11879466311017903
1,1,0.9971029733324385
1,1,0.9989357059470192
1,1,0.9957905856309633
1,1,0.833831800527995
0,0,0.447346661240812
1,1,0.9736569346393595
0,0,0.3209220144760274
1,1,0.870093940428941
1,1,0.9814747158618381
1,1,0.9936630679643254
1,1,0.9670938129291945
1,1,0.9142649334338007
0,0,0.4365695055984554
1,1,0.9817118608166338
1,0,0.14622571059764572
0,0,0.10206166819295083
1,1,0.9865873599531256
1,1,0.9993989403443247
0,0,0.25253882717212595
1,1,0.9306963136166195
1,1,0.9323704816004175
1,1,0.9331934306372055
1,1,0.9958452467486418
1,1,0.8927592546702047
0,0,0.03621553555262105
1,1,0.9995726480041436
1,0,0.4734265517962309
1,1,0.9882836980784147
1,1,0.996759303725597
0,0,0.37135544864508946
1,1,0.9875207000037698
0,0,0.039229593369560355
1,1,0.8067884537668882
1,1,0.5454651658109888
1,1,0.9949457466820233
0,1,0.7963520987710089
0,0,0.012322715009894123
1,1,0.808826214871534
1,1,0.5356862788728501
1,1,0.9934384836395824
0,0,0.07619439135187367
1,1,0.9966733932865633
1,1,0.9974394720883081
1,1,0.5791533222788564
0,0,0.05409669623248082
0,0,0.19074399190587638
1,1,0.9995612861317424
1,1,0.6688651115111542
1,1,0.9918116344671676
0,0,0.024507978607316402
1,1,0.9929046719448192
1,1,0.978931155013015
0,0,0.3652481670519436
1,1,0.9880639333464989
0,0,0.003134716327502656
1,0,0.48980963008114553
1,1,0.9958759366999357
0,0,0.20411836904905512
0,0,0.24517873639168766
1,0,0.3993251300585087
0,0,0.11079496741936262
1,1,0.9903029473183849
1,1,0.8964712470361417
1,1,0.9963544385283416
1,1,0.9588575083281586
0,0,0.2887706892136082
1,1,0.6870001989671739
0,0,0.004071884012683048
0,0,0.04575245550224918
1,1,0.8686031518199351
1,1,0.9117286857097701
1,1,0.9987543782768065
0,0,0.07806283099201447
0,0,0.10823505793254216
1,1,0.5584480521592965
1,1,0.9989357059470192
0,0,0.14747901819436557
1,1,0.9936433802501204
1,1,0.7984724355203551
0,0,0.17398682376716623
1,1,0.9613699173755036
1,1,0.9989357059470192
1,1,0.7198336535445193
1,1,0.9782248512792088
1,1,0.9702371790061035
0,0,0.11684009231060921
1,1,0.7984724355203551
1,0,0.2860824610014952
1,1,0.9989216597640695
0,1,0.522606254591313
1,1,0.8635348464308799
0,1,0.8609301814829144
0,0,0.034865971735815356
1,0,0.32860862155331805
0,0,0.2676918179728595
1,1,0.7145091574861981
1,1,0.9859534625487603
1,1,0.9802430035930007
1,0,0.08192600625706942
1,1,0.987098553863
0,0,0.11684009231060921
1,1,0.9917043480618868
1,1,0.9997663009673536
1,1,0.9806039391641405
0,0,0.048100077271981304
0,0,0.43334370074075523
0,1,0.5193306914963889
1,1,0.9442423746264371
1,1,0.9960050249955575
1,1,0.9315381388708267
1,1,0.9694697060533404
1,1,0.9989632523774195
0,0,0.007231489962039145
0,0,0.13784987247576191
0,0,0.14841752186699347
1,1,0.9988024153615671
0,0,0.008906334456310163
0,0,0.09996143770357166
1,1,0.9935234891988433
1,1,0.9294734564752062
1,1,0.9952030171827896
0,0,0.09533612558059962
1,1,0.989240898632412
1,1,0.8295522483481498
0,1,0.6521781702430801
1,1,0.8565324075204349
1,1,0.6639906230006533
1,0,0.344528627559312
1,1,0.9872646413638971
1,0,0.4971513958855016
1,1,0.7118242445132328
1,1,0.9951673438815715
1,1,0.9941981477076239
1,1,0.9586328311409217
1,1,0.9997663009673536
1,1,0.5454651658109888
0,0,0.09620240407950222
0,0,0.46362184572478005
0,0,0.0047631824616145655
0,0,0.00651536419911491
1,1,0.9961586823943323
0,0,0.00634762778607902
1,1,0.8148408881119475
1,1,0.9078871951429569
0,0,0.2807512665959904
1,1,0.9990664970850345
1,1,0.9741350146595307
1,1,0.999781142238036
1,1,0.9990664970850345
1,0,0.02276342377547511
1,0,0.31683751684274514
0,0,0.07092221198617592
0,0,0.04375121423883895
1,1,0.9988112876444936
1,1,0.5606174167291886
1,1,0.8907738779619357
0,1,0.6813279535497268
1,1,0.9960050249955575
1,1,0.9966295906257848
1,1,0.9045409329847344
0,0,0.036476292770354725
1,0,0.13359744167846838
1,1,0.9818135670692989
1,1,0.9982021483148281
0,0,0.04108632690705772
0,0,0.0768162877799789
1,1,0.6482096824627267
1,1,0.9891613702464382
1,1,0.9907262047104974
1,1,0.999615229308014
1,1,0.9948793123366003
1,1,0.966388808868252
1,1,0.8444585607455659
0,0,0.16944547850131558
1,1,0.9994221344391181
1,1,0.9775341970893136
0,0,0.2840437198077988
0,0,0.03457098242853183
1,0,0.30679101357208904
0,0,0.1076879994032952
1,1,0.9738022415218104
0,0,0.30587238217395174
1,1,0.9935234891988433
1,1,0.9858745752586011
1,1,0.9769504170907978
1,1,0.9254412075795885
1,1,0.945153927197127
1,1,0.9817118608166338
1,1,0.992956929443121
0,0,0.06753974235462497
1,1,0.8801305796948278
1,1,0.5519654636702351
0,1,0.6452108596517707
1,1,0.964641087930725
1,1,0.9479669510608558
1,1,0.992327767429788
0,0,0.08956944413517803
0,0,0.20108028096858285
1,1,0.9103143136692388
1,1,0.9962085818110393
1,1,0.9464989196244509
1,1,0.9657725812324998
0,0,0.2514680783856616
1,1,0.9010863523987735
1,1,0.7379835624778777
1,1,0.9824055600522487
1,1,0.8593512297801803
0,1,0.8128524043954113
1,1,0.7963520987710089
1,1,0.9989074284072331
0,0,0.2581234744294355
0,0,0.10035105874483247
1,1,0.9813388648433959
1,1,0.961158404555921
1,1,0.5389493341522548
1,1,0.9943476194465779
1,1,0.6882203699423939
1,1,0.9148467050673842
1,1,0.9913101555549648
0,0,0.355177745069652
0,0,0.04243459993059169
1,1,0.847875461466689
1,1,0.9539363397831332
1,1,0.9946351715235943
1,1,0.6231767715329964
1,1,0.9983597107567834
0,0,0.01839653995057955
1,1,0.6610559825966887
1,1,0.9678768610324218
1,1,0.7559337089568342
1,1,0.9947047564239382
1,1,0.832005218335025
1,1,0.9618544242658131
1,1,0.7466020059288924
1,1,0.8314000966757382
0,0,0.003390692475061666
0,0,0.07385620215934817
0,0,0.006954216729733893
1,1,0.9966733932865633
1,0,0.44226678943330466
0,0,0.026206430417326055
0,0,0.07712342593667404
1,1,0.9603831270062699
1,1,0.9990786583943336
1,1,0.9958452467486418
1,1,0.9916428750008028
1,1,0.9741350146595307
0,0,0.20038668137621662
1,1,0.9995997824601953
1,1,0.8686031518199351
1,1,0.9641906581790691
1,1,0.9513111253653023
1,1,0.6000073923047792
1,0,0.46688733414144745
1,1,0.8730323608421324
1,1,0.9835966227660009
0,0,0.2385314261731755
0,1,0.5695272276838714
0,0,0.1340986328389674
1,1,0.9804956025452062
1,0,0.3604924526432482
1,1,0.9550761975070822
1,1,0.9734653036207241
1,1,0.9855043084466355
0,0,0.0558470473700449
1,1,0.7734809399678857
1,1,0.9635356503019724
1,1,0.9865873599531256
1,0,0.39304545765000864
1,1,0.906932694128949
1,1,0.9997438177008775
0,0,0.22397992651321857
0,0,0.44410399141927365
0,0,0.22626954984441472
0,0,0.05899534476379155
1,1,0.9545096685716913
1,1,0.8047342155794973
0,0,0.09620240407950222
0,1,0.9987744280240819
1,1,0.9839252302245594
0,1,0.7889474073092746
1,1,0.8431400772383577
1,1,0.9987866121925764
0,1,0.5240232759893068
0,1,0.5926477740168113
1,1,0.9536860863867003
1,1,0.9987212891562184
1,1,0.9950113234490152
1,1,0.9767821730007215
1,1,0.8427267590809823
1,1,0.9832904281990862
0,1,0.8207082758338305
1,1,0.7898917015669282
0,0,0.09917228984404536
1,1,0.8624942438511274
0,0,0.021744823279603802
0,0,0.3221612162133262
1,1,0.9979505035113935
1,1,0.5713515215575719
1,1,0.8624942438511274
1,1,0.9990786583943336
0,0,0.010683741900594557
1,1,0.9987379420177451
1,1,0.9987706007437336
0,0,0.11912185194136318
0,0,0.29301375436369714
0,1,0.7696160154928903
1,1,0.9901034045767347
1,1,0.9906212392369823
1,1,0.9813388648433959
0,0,0.16700402873517461
0,0,0.0032178263217761184
1,1,0.9471596902565041
1,1,0.9971778211745951
0,1,0.5487173929679993
0,0,0.47015566222137073
1,1,0.9742777541456007
0,0,0.2199854952182874
1,0,0.30032753952408126
0,0,0.02856926003147607
1,1,0.9490960516146129
1,1,0.78157920322512
1,1,0.808826214871534
0,0,0.4297908653154972
0,0,0.40247756486052877
0,0,0.17317196816116656
1,1,0.953356138257564
1,1,0.9623330924568283
1,1,0.9715110721297138
0,0,0.3501718310119714
1,1,0.9915333963340822
0,0,0.45059381608500454
0,0,0.22224597988926817
1,1,0.9843351906678879
0,0,0.4183560664835209
1,1,0.7379835624778777
1,1,0.9245304865662212
1,1,0.8975209173693733
0,0,0.43118352638737417
1,1,0.9178645083054527
0,0,0.13941721630179002
0,0,0.020278598243885095
0,0,0.06318507129079584
0,0,0.36961909343300225
1,1,0.8061136675604763
1,1,0.9909643103596835
1,1,0.9323704816004175
1,1,0.8609301814829144
0,0,0.05707919682174831
1,1,0.9990786583943336
1,1,0.9281130487029017
0,0,0.24035316532682782
1,1,0.9935712185819082
1,1,0.999783995443899
1,1,0.9962085818110393
1,1,0.6797093286330601
1,1,0.8108475229279075
1,1,0.976046881051989
1,1,0.8881934672670667
1,1,0.9741350146595307
1,0,0.3366563579169119
1,1,0.941650879180239
1,1,0.9475310583029907
1,1,0.8744801588616613
1,1,0.9610924768894966
1,1,0.6504874382474292
0,0,0.062230153336926004
0,0,0.16578310065109797
0,0,0.0987867429229565
0,0,0.1201755503356862
0,0,0.09457965524980733
1,1,0.7787929065349525
1,1,0.9905518165085212
0,0,0.01839653995057955
1,1,0.8855599275067289
1,1,0.9945646772033089
1,1,0.8545242877757699
1,1,0.964641087930725
0,0,0.013074055629508407
1,1,0.9924270528154672
0,0,0.017928445534284628
1,1,0.7379835624778777
1,1,0.9990786583943336
1,1,0.9913740547335305
1,0,0.3196853313056721
0,0,0.36221056877972035
0,0,0.032960240049245755
1,1,0.9997868114610065
1,1,0.6916958775179557
1,1,0.957275752733905
1,1,0.9336560798465605
0,0,0.02039176176434425
0,0,0.37341265729980294
0,0,0.4088064340514669
1,1,0.9975701175261105
0,0,0.05168370021410423
1,0,0.36221056877972035
1,1,0.771935000772235
1,1,0.9154248941671643
0,0,0.2894122776269759
1,1,0.9924270528154672
0,0,0.2668451948825267
0,1,0.9024055810355136
1,1,0.725448633318907
0,0,0.0639664672164146
0,1,0.6401754880799728
1,1,0.6669126574455828
0,0,0.004290433860026623
1,1,0.783282132333204
1,0,0.3629320625242905
0,0,0.48653013295047287
1,1,0.6169927291670875
1,1,0.7898917015669282
1,1,0.9394493754316038
0,1,0.998508142844234
0,0,0.07120760133493581
0,0,0.20411836904905512
1,1,0.9144031421239094
1,1,0.9990664970850345
1,1,0.9979505035113935
1,1,0.9971193357976731
0,0,0.11505160961520386
0,1,0.6676057769669628
1,1,0.9466567843208404
1,1,0.8839608175992109
0,0,0.015670050776678567
1,1,0.9989074284072331
1,1,0.8226315028640137
1,1,0.9272323975288678
1,1,0.9997868114610065
1,1,0.9974394720883081
0,1,0.5616820320104406
1,1,0.9420585953703116
0,0,0.14350936220450555
1,1,0.7601756530104969
1,1,0.9989495693603937
1,1,0.5630800363188778
1,1,0.8868833838387831
0,0,0.018161012573907943
0,0,0.3114740240339539
1,1,0.8609301814829144
1,1,0.9427708907997085
0,0,0.2140297483466832
0,0,0.1508101344070682
1,1,0.9986524541824932
1,1,0.9948120093151643
1,1,0.9356067979434932
1,1,0.8512305241850365
1,1,0.6452108596517707
1,1,0.987357909116714
0,1,0.8730323608421324
1,1,0.6841709319594019
0,0,0.10823505793254216
1,1,0.999808057640241
1,1,0.9692485773192403
1,1,0.9891002998408384
1,1,0.7855018969824368
0,1,0.5094951521680844
1,1,0.9982486476531268
0,0,0.1797186226366898
0,1,0.5422090548737454
1,1,0.927733131270129
1,1,0.9833835041207732
1,1,0.9990786583943336
1,1,0.8933018888948681
1,1,0.9732723168606268
1,1,0.9942733684211448
1,1,0.9674662609234929
1,1,0.8148408881119475
1,1,0.8523417741470463
1,1,0.9979234819975661
1,1,0.6926170306320417
1,1,0.9772441354663337
0,0,0.04736161354773641
0,0,0.08770117183372211
1,1,0.9845362951814395
0,0,0.3024337872542665
1,1,0.8655780088401652
0,1,0.7504738762095161
0,0,0.16944547850131558
1,1,0.9882836980784147
1,1,0.9207846222951895
1,1,0.5791533222788564
0,0,0.3209220144760274
1,1,0.9241331832365862
1,1,0.9990032423247183
1,1,0.5422090548737454
1,1,0.9935599380858797
0,0,0.4832517952097946
1,1,0.9956791059244319
1,1,0.9286081890298459
1,0,0.07997312210895723
1,1,0.7302986177767873
0,0,0.08136778138665221
0,0,0.34324695668887445
1,1,0.9548318434842866
1,1,0.8609301814829144
0,0,0.005718525656588174
0,0,0.002974861536338539
1,1,0.9245304865662212
0,0,0.010683741900594557
1,1,0.9732723168606268
1,1,0.9821772470885347
1,1,0.9990786583943336
1,1,0.9545096685716913
0,0,0.034426984525364725
1,0,0.39514729610041516
1,1,0.7277056080299026
0,0,0.2876054292738324
0,0,0.3209220144760274
0,0,0.07034439738062676
1,1,0.6000073923047792
1,1,0.6988347902196171
1,1,0.9942733684211448
1,1,0.7765234655761505
1,1,0.7855018969824368
1,1,0.9968430025340256
1,1,0.905818902943066
1,1,0.8953739391808595
1,1,0.906932694128949
0,0,0.009504693776528818
0,0,0.2840437198077988
1,1,0.9949457466820233
1,1,0.5468731665801561
0,0,0.11684009231060921
1,1,0.9613699173755036
0,0,0.36829652922204437
1,1,0.9925250630399498
1,1,0.9870033978880907
1,0,0.3836924529311955
1,1,0.9949081699485981
1,1,0.966812540760299
1,0,0.4183560664835209
1,1,0.9164355643616748
1,1,0.9990786583943336
1,1,0.9782248512792088
1,1,0.8239121856275393
0,0,0.40247756486052877
1,1,0.960665418684045
1,1,0.7898917015669282
1,1,0.9984837434173711
1,1,0.6521781702430801
0,0,0.017321583274753454
0,1,0.7118242445132328
0,0,0.10697469188773383
0,0,0.45200045140358514
1,1,0.9821772470885347
0,0,0.16475603233975883
0,0,0.04958337168808214
0,0,0.03231084602736779
1,1,0.9951399479455683
0,0,0.009882645676221493
0,0,0.3899186909721081
1,0,0.49450989540478735
1,1,0.805901438495778
1,1,0.9998105600217538
1,1,0.9835047205864631
1,1,0.9356067979434932
0,0,0.3257193749725084
1,1,0.9291895379393263
0,0,0.08770117183372211
0,1,0.6491948685882406
1,1,0.7649286592468305
1,1,0.9915333963340822
0,0,0.12378415498813816
1,1,0.987975810895327
1,0,0.4319493608686406
1,1,0.7877050876325817
1,1,0.998634674850593
0,0,0.23615559552715765
1,1,0.9947438263796282
1,1,0.9365787383352692
0,0,0.10727328877578071
1,1,0.9941401590385772
1,1,0.9986524541824932
0,1,0.5454651658109888
0,0,0.09570963558377121
0,0,0.18758892371518668
0,0,0.05041212240189612
0,0,0.4715709489884411
0,1,0.5233850582083039
1,1,0.8067884537668882
1,1,0.9860561971341337
0,0,0.3961810153740033
1,1,0.5638479170757674
1,1,0.9879081420988578
1,1,0.9991322201892251
0,0,0.014963998834290443
1,1,0.9966295906257848
1,1,0.7302986177767873
1,1,0.929844916622636
0,0,0.015962778817323265
1,1,0.5422090548737454
0,0,0.04561635262333288
0,0,0.20411836904905512
0,0,0.0906455582471133
1,1,0.9074110491215263
0,0,0.3412654236986259
1,1,0.7942152027524895
1,1,0.9148467050673842
1,1,0.999781142238036
1,1,0.9950394408223829
0,0,0.23323739939984725
1,1,0.8730323608421324
0,0,0.010011906955946375
1,1,0.9782248512792088
1,1,0.8561483568377276
1,1,0.9515735600353987
1,1,0.7024942966221348
0,0,0.020278598243885095
0,0,0.4119823815637153
1,1,0.966812540760299
0,0,0.1713006848410477
0,0,0.19689624585886112
1,1,0.9772441354663337
0,0,0.04978749548244123
1,1,0.9807450353844945
1,1,0.9921695613079969
1,0,0.41654556560423434
1,1,0.9985275674527515
1,1,0.9998202475920218
1,1,0.9989216597640695
0,0,0.015421407851112245
1,1,0.9926218142316994
1,1,0.9696373892115588
1,1,0.919402019766164
0,0,0.49450989540478735
0,0,0.15025732263294528
1,1,0.6039002857364426
1,1,0.6323775590645134
1,1,0.7466020059288924
1,1,0.6993730158084333
1,1,0.998886710373502
1,1,0.966388808868252
1,1,0.987098553863
1,1,0.9940447470057971
1,1,0.9492466639228241
0,0,0.014689313173049634
0,1,0.5598482882440099
1,1,0.995564687003552
1,1,0.9236095595267625
0,0,0.46688733414144745
1,0,0.43763318296806936
0,0,0.033564947661214324
1,1,0.9875905097788608
1,0,0.4930900045985326
1,1,0.9690788153508466
1,1,0.6844641489033105
1,0,0.24819797667611512
1,1,0.6669126574455828
0,0,0.015962778817323265
1,1,0.9017479396081659
1,1,0.9539363397831332
1,1,0.5958125627485996
1,1,0.9952030171827896
1,1,0.9254412075795885
1,1,0.7277056080299026
1,1,0.9990664970850345
0,0,0.48653013295047287
1,1,0.9907262047104974
1,1,0.7698565893189361
1,1,0.570292424589206
0,0,0.2996719581754492
0,0,0.43334370074075523
0,0,0.002444519373180695
1,1,0.9531028877207904
1,1,0.722473037573032
1,1,0.9437771307735141
1,1,0.8945464740396184
1,1,0.9945646772033089
1,1,0.9527689905514983
0,0,0.11879466311017903
1,1,0.8356424458179031
1,1,0.8894902683193134
1,1,0.9657725812324998
1,1,0.9997977132380382
1,1,0.9946047751011912
1,1,0.9997693476113244
1,1,0.9394493754316038
0,0,0.045048328311620076
1,1,0.9989975698821162
0,1,0.6581089088892188
1,1,0.9942733684211448
1,1,0.9990786583943336
1,1,0.9874989363240039
1,1,0.9127793170637408
1,1,0.9989495693603937
0,0,0.01839653995057955
1,1,0.7145091574861981
1,1,0.9937912881145732
1,1,0.976046881051989
0,0,0.24517873639168766
1,1,0.8815084230469536
0,0,0.0913737382319602
0,1,0.6045121572533981
1,1,0.7553572798213336
1,1,0.9310618107335189
1,1,0.8274946780837833
1,0,0.43763318296806936
1,1,0.9985034852405636
0,0,0.0772200889163357
1,1,0.7480079080498602
0,0,0.4056380802449209
1,1,0.995564687003552
1,1,0.5606174167291886
0,0,0.2385314261731755
1,1,0.922900760890366
1,1,0.9936074005830622
0,0,0.006687503224740694
0,0,0.18959743028358936
1,1,0.9935234891988433
0,0,0.06555633216694666
1,1,0.9988024153615671
0,0,0.34422217143686745
1,1,0.9958759366999357
1,1,0.9207846222951895
1,1,0.833831800527995
0,0,0.04057231339226603
1,1,0.7984724355203551
0,0,0.04430364174797649
0,1,0.8301626473181773
1,1,0.9997438177008775
1,1,0.9504965467997238
0,0,0.01082336667733762
1,1,0.9817118608166338
0,0,0.4056380802449209
1,1,0.9639940114330198
1,1,0.9837163102862061
1,0,0.29094574817205476
0,1,0.8161652520363293
1,1,0.9976329248404251
1,1,0.9272323975288678
1,1,0.7877050876325817
1,1,0.9158636495706328
1,1,0.864043493678873
1,1,0.9915956678696458
1,1,0.9702371790061035
1,1,0.9891002998408384
1,1,0.9806039391641405
0,0,0.028449524323280403
0,1,0.5378749321881396
0,0,0.45384518499957144
0,1,0.5258798744683454
1,1,0.8920443875695183
1,1,0.9901760894396247
1,1,0.9236095595267625
1,1,0.9158636495706328
1,1,0.9756355396904284
1,1,0.9997895907738721
0,0,0.08335163665768928
0,0,0.050205573007656504
1,1,0.962805986367316
0,0,0.02419613632552224
1,1,0.9998202475920218
0,0,0.2651266692045015
0,0,0.3961810153740033
1,1,0.9928520295025299
1,1,0.7757723564070398
1,1,0.7553572798213336
1,1,0.9286081890298459
0,0,0.04716694193231461
0,0,0.0105458991234981
1,0,0.39514729610041516
1,1,0.9341992361071036
1,1,0.9509651275553892
0,1,0.8392161424231319
1,1,0.992066927056246
0,0,0.24575693871107102
0,0,0.09457965524980733
0,0,0.04393243816277125
1,1,0.9894392249066382
1,1,0.6138863088258517
1,1,0.9961586823943323
0,0,0.16295776743320262
1,1,0.9185256679089248
0,0,0.4832517952097946
0,0,0.043384429118998084
1,1,0.6610559825966887
0,0,0.07527563516096511
1,1,0.8226315028640137
0,0,0.060893992713919334
1,1,0.9178645083054527
0,0,0.08136778138665221
0,0,0.19277826366648806
1,1,0.7639057066044688
1,1,0.9776586079454826
1,1,0.582349068335818
1,0,0.3868009466050503
1,1,0.9941652896903262
1,1,0.9596613872803773
1,1,0.9268481927492127
0,0,0.016663924764731407
0,0,0.05499651873428986
0,1,0.722473037573032
1,1,0.5695272276838714
1,1,0.9494545369281362
1,1,0.9106666373941757
0,0,0.3836924529311955
1,1,0.9903029473183849
1,1,0.9998105600217538
0,1,0.8067884537668882
0,0,0.20108028096858285
1,1,0.8801305796948278
0,0,0.3788399160625617
1,1,0.6727182360710372
0,0,0.13666527735641595
0,1,0.5454651658109888
1,1,0.5616820320104406
1,1,0.5926477740168113
1,1,0.888930659565206
1,1,0.9986166612656021
0,0,0.022598396262413206
1,1,0.9985422022326536
1,1,0.9873358651733425
1,1,0.997042941447177
1,1,0.8759137942754448
1,1,0.9989495693603937
1,1,0.9810969763270047
1,1,0.9583365848724275
1,1,0.8528850338178776
1,1,0.9850149874400572
0,0,0.14420898515311042
0,0,0.4930900045985326
1,1,0.8301626473181773
1,1,0.9117286857097701
1,1,0.9095930779827923
0,0,0.0038644236405567726
0,0,0.16475603233975883
1,1,0.9852074958879128
0,1,0.5713515215575719
1,1,0.802663478746088
0,0,0.2640214009213991
0,0,0.07436706556227889
1,1,0.516053465833837
0,1,0.999813029785442
1,1,0.7855018969824368
1,1,0.9559505649742124
1,1,0.990481884842009
0,0,0.01366836457391946
1,1,0.9938873153337907
0,0,0.019451266574351138
1,1,0.9995436746916828
1,1,0.8512305241850365
1,1,0.9814747158618381
1,1,0.9219616255315806
0,0,0.1797186226366898
1,1,0.8079463277926215
1,1,0.8686031518199351
1,1,0.9907262047104974
0,0,0.23379616314077833
1,1,0.9706138702794237
1,1,0.9990290424540451
0,1,0.5258798744683454
1,1,0.9925800954865008
0,1,0.606290681356499
0,0,0.48794931719989143
1,1,0.516053465833837
1,1,0.995564687003552
1,1,0.999808057640241
1,0,0.22322940836332583
0,0,0.01366836457391946
0,0,0.09620240407950222
1,0,0.20108028096858285
0,0,0.3612124622895339
1,1,0.8894902683193134
1,1,0.9965852131752794
1,1,0.9910307296377243
1,1,0.870093940428941
1,1,0.9952300593038914
0,0,0.11912185194136318
1,1,0.855229016584247
0,0,0.018635063871535868
1,1,0.9997923338607022
1,1,0.9835047205864631
0,1,0.5324201654002287
1,1,0.9546450287542102
1,1,0.9887309781841435
1,0,0.34661135150895583
0,1,0.9997370054657294
1,1,0.9715110721297138
1,1,0.9531028877207904
0,1,0.6371465157037023
1,1,0.945153927197127
0,0,0.009141062821907268
1,1,0.6916958775179557
0,0,0.4552535597260008
1,1,0.9808520135924808
0,0,0.09996143770357166
0,0,0.09697046347346389
0,0,0.07034439738062676
1,1,0.9935234891988433
0,1,0.9984884623705159
1,1,0.8128524043954113
1,1,0.9930872354899577
1,1,0.936393052505093
0,0,0.017321583274753454
1,1,0.9497264498325336
1,1,0.7942152027524895
1,1,0.9950113234490152
1,1,0.9713534310234331
1,1,0.8957782354253906
0,1,0.725097052466242
1,1,0.626984357228132
0,0,0.007519734706915115
1,1,0.8495606894272887
0,0,0.019261383819620993
1,1,0.9900475886709849
0,0,0.1325818695132009
0,0,0.020806752865935044
0,0,0.18606914952909673
0,0,0.13941721630179002
1,1,0.9478127499420885
1,1,0.9591502084745178
1,1,0.9949081699485981
1,1,0.9763518343898988
1,1,0.9764826353972447
1,1,0.7891733245355301
1,1,0.9968014260136875
1,1,0.7216053931325279
1,1,0.9734653036207241
0,1,0.6013699119300541
0,0,0.18081877312111666
1,1,0.9911466500738308
1,1,0.9947734435109438
1,1,0.9080346508480964
0,1,0.5389493341522548
0,0,0.08640991662049079
1,1,0.8399811418080001
1,1,0.9550761975070822
0,0,0.1419035997910601
1,1,0.997538093199016
1,1,0.9990786583943336
1,1,0.9938527078433493
1,1,0.7430277094045845
1,1,0.9242282913089184
1,1,0.765948537617613
1,1,0.9936074005830622
1,0,0.2539467440365562
0,0,0.1840895294384598
1,1,0.5454651658109888
1,1,0.9666297937537685
1,1,0.7963520987710089
0,0,0.1247420282618294
1,1,0.994462065721587
1,1,0.9024055810355136
1,1,0.9956222686194779
0,0,0.19829184489759713
0,0,0.2096469706405587
0,0,0.1491369061616302
1,0,0.3196853313056721
1,1,0.9989632523774195
1,1,0.9990541754036983
1,1,0.9593721947259476
1,1,0.9821772470885347
0,1,0.5855379136227113
0,0,0.002898008590173945
0,0,0.25752611104020917
0,0,0.2728691073196614
1,1,0.9990786583943336
1,1,0.9578093559868898
0,0,0.031632224286387324
0,0,0.015074135070283481
1,1,0.8568465361534722
0,0,0.07847262785217655
0,0,0.008565397595380681
1,1,0.9844225392314909
1,1,0.9947826095770468
0,0,0.13822131174988955
1,1,0.8609301814829144
0,1,0.6610559825966887
1,1,0.95171721491529
0,0,0.027496503792135852
1,1,0.9957905856309633
1,1,0.9650860570877903
1,1,0.9971567917687515
1,1,0.8855599275067289
0,1,0.6623275808391199
1,1,0.9423678801869569
1,1,0.7765234655761505
1,1,0.8609301814829144
1,1,0.663025420556987
0,0,0.40247756486052877
1,1,0.982276411903807
1,1,0.669821916918251
0,1,0.7529236836661327
0,0,0.003966803207313234
1,0,0.11079496741936262
1,1,0.7742374910813976
1,1,0.9254412075795885
1,1,0.7877050876325817
0,1,0.6187505245636927
1,1,0.9576343097866956
1,1,0.9741350146595307
0,0,0.3152282496386687
1,1,0.8226315028640137
1,1,0.9490960516146129
1,1,0.9974249233336536
0,0,0.13475959596459955
1,1,0.9830733998228703
0,0,0.0765951945924991
1,1,0.8283040374222125
1,1,0.9770779849904112
1,1,0.9849309100990952
1,0,0.02388816479244427
1,1,0.722473037573032
1,1,0.9840148276457918
1,1,0.8920443875695183
1,1,0.9864125612851161
1,1,0.9992585854801024
1,1,0.767280559249213
1,1,0.5305663159212718
1,1,0.802663478746088
1,0,0.42370116820345527
0,0,0.30800039854590977
0,1,0.9997504535256516
0,1,0.9986914083978533
1,1,0.9987379420177451
1,1,0.9095930779827923
1,1,0.6584142415477146
1,1,0.9930872354899577
0,1,0.7302986177767873
1,1,0.9980294806572038
0,1,0.805901438495778
1,1,0.6882203699423939
1,1,0.8417374988890979
1,1,0.9692485773192403
0,0,0.23379616314077833
1,1,0.945153927197127
1,1,0.9550761975070822
1,1,0.902904713719341
0,0,0.4408660760531916
0,0,0.052985562190689346
1,1,0.603153290325291
1,1,0.8207082758338305
1,1,0.9990786583943336
1,1,0.8283040374222125
1,1,0.6756014532431686
1,1,0.9990416912395266
0,0,0.34422217143686745
1,1,0.9785026870286089
0,0,0.053428984636642717
1,1,0.9830733998228703
1,1,0.9889578842278863
1,1,0.9758722047289811
1,1,0.9983161552290777
1,1,0.9924828013739099
1,1,0.9882836980784147
1,1,0.9632731698540008
1,1,0.9965402534448866
1,1,0.5777681824588701
1,1,0.9769504170907978
0,0,0.16840030104878426
1,1,0.7354376723016417
1,1,0.9858745752586011
0,1,0.6156494798601746
1,1,0.9217367196530776
1,1,0.9293577011532296
1,0,0.4119823815637153
1,1,0.956499967024235
0,0,0.026017106743684515
0,1,0.7277056080299026
1,1,0.7009359908554015
1,1,0.9943893096068215
1,1,0.9720749147341783
1,1,0.9989495693603937
1,1,0.9983597107567834
1,1,0.9506995664696749
0,0,0.010011906955946375
0,0,0.022310296012481277
1,1,0.9207846222951895
1,1,0.9471596902565041
1,1,0.9541853059163352
0,1,0.6125390065570249
1,1,0.9985843390411311
1,1,0.9722286990519942
1,1,0.5727421449606109
1,1,0.9806039391641405
1,1,0.9430766032052261
1,1,0.9990786583943336
1,1,0.7855018969824368
0,1,0.7825473779336409
1,1,0.8448681654863028
1,1,0.9727787366042296
1,1,0.8715703158750235
0,1,0.5094951521680844
1,0,0.2651266692045015
1,1,0.782316318996107
1,1,0.9513111253653023
1,1,0.8148408881119475
1,1,0.9940886577764245
0,0,0.010011906955946375
0,0,0.05056177608089739
1,1,0.9937257481037979
0,0,0.16295776743320262
0,0,0.06949087458671113
1,1,0.7877050876325817
1,1,0.9420585953703116
1,1,0.9975701175261105
0,0,0.0024767361264892537
0,1,0.8047342155794973
1,1,0.9985467395127876
0,0,0.07752870602164659
0,0,0.08160143331799637
0,0,0.01754641877314547
1,1,0.917435246377178
1,1,0.9953612246956137
1,1,0.9603831270062699
0,0,0.4560278712134066
0,0,0.347498733417441
1,1,0.9976329248404251
1,0,0.4056380802449209
1,1,0.9207846222951895
0,1,0.5501236282825668
0,0,0.05211682729341111
1,1,0.9949457466820233
1,1,0.998634674850593
1,1,0.9950760535963331
1,1,0.7279744772632893
1,1,0.8969972657655098
1,1,0.9981300786113295
1,1,0.9706138702794237
1,1,0.9340070744192851
1,1,0.8577573130692545
1,1,0.8655780088401652
1,1,0.5663064374480751
0,0,0.2957401332040899
0,0,0.0036198447166504682
1,1,0.9980034983315873
1,1,0.8264293405037616
1,1,0.8568465361534722
1,1,0.9826310000035982
0,0,0.17505937506568583
1,1,0.9117286857097701
1,1,0.9980034983315873
1,1,0.9944932617098389
1,1,0.9980946480957439
0,1,0.64390945842304
1,1,0.8787389184869492
0,0,0.026690648676242882
1,0,0.1508101344070682
1,1,0.9947047564239382
1,1,0.8988823625785999
0,0,0.005151449482609703
1,1,0.7064096145052104
0,1,0.9998154673563113
0,0,0.355177745069652
1,0,0.37957482046704744
1,1,0.979200170437572
1,1,0.9986524541824932
1,1,0.8356424458179031
1,1,0.9995670043173549
1,1,0.9829490687236798
1,1,0.7975568220352475
0,0,0.28672048452090615
0,0,0.0885048619138289
1,1,0.9490960516146129
1,1,0.9155299212616334
0,0,0.1160740486901033
1,1,0.9977537219958321
1,1,0.5018528125453431
1,1,0.833831800527995
1,1,0.967644580471096
1,1,0.7277056080299026
0,0,0.0031760003481664223
0,0,0.02328365209978337
1,1,0.9458303585966025
1,1,0.8828725364006903
1,1,0.9885837927066815
1,1,0.9965206132106997
1,1,0.7984724355203551
1,0,0.37750411642461396
1,1,0.9981054202042215
1,1,0.9444695449279887
1,1,0.9912610855446503
1,1,0.5411357816716854
0,1,0.5745629918530176
1,1,0.8486066928667397
1,1,0.9578093559868898
0,0,0.1124057832267802
0,0,0.37135544864508946
0,0,0.05041212240189612
1,1,0.9954472520801023
0,0,0.11684009231060921
0,0,0.3561684739429857
1,0,0.23693631652605307
1,1,0.9448587189401245
1,1,0.8842230082129104
1,1,0.9968430025340256
0,0,0.0320367571906012
1,1,0.6600866657336274
1,1,0.6125390065570249
1,1,0.9916428750008028
0,0,0.2822570748256234
1,1,0.9913253423930521
1,1,0.975425424335236
1,0,0.096851672125004
0,1,0.6981773500132223
1,1,0.9953873790842094
1,1,0.9063023912515848
1,1,0.9990786583943336
1,1,0.8868833838387831
1,1,0.9863124158586893
0,0,0.4734265517962309
0,0,0.03254443824900963
1,1,0.8609301814829144
1,1,0.9997600864493149
1,1,0.7855018969824368
0,1,0.7625603459284828
0,0,0.014963998834290443
1,1,0.9966295906257848
1,1,0.9950394408223829
1,1,0.9779435056633495
0,0,0.0885048619138289
0,1,0.5468731665801561
1,1,0.9024055810355136
0,0,0.022694081509844324
1,1,0.9921695613079969
0,1,0.5193306914963889
1,1,0.9839252302245594
1,1,0.9931381576895761
1,1,0.9401917105704749
0,0,0.01839653995057955
1,1,0.9982714451492708
1,1,0.9990786583943336
1,1,0.9975701175261105
1,1,0.8545242877757699
0,0,0.009504693776528818
0,0,0.23222306218622255
1,1,0.9686295090644441
1,1,0.9189800839930025
1,1,0.8715703158750235
0,0,0.013492539057379774
1,1,0.9742777541456007
1,1,0.9971937620874645
1,1,0.9581091872286636
1,1,0.990481884842009
1,1,0.808826214871534
0,0,0.20038668137621662
1,1,0.902904713719341
1,1,0.9907943579892672
1,1,0.9797281529580852
0,0,0.25752611104020917
0,1,0.6857774330050477
1,1,0.960665418684045
1,1,0.9921695613079969
1,1,0.9998055222102912
0,0,0.40247756486052877
1,1,0.9987706007437336
1,1,0.9503494495590957
0,0,0.08640991662049079
1,1,0.9993910040407965
1,1,0.9951038079303758
1,1,0.9925250630399498
1,1,0.9758722047289811
1,1,0.9752463310205981
0,1,0.7009359908554015
0,0,0.037297949739648506
0,0,0.08699945711803297
1,1,0.8969972657655098
1,1,0.9650860570877903
1,1,0.9371703514327611
1,1,0.984219979040385
0,0,0.002444519373180695
1,1,0.9356067979434932
1,1,0.588719606694783
1,1,0.9972662707340999
0,0,0.11340772262732106
1,1,0.7302986177767873
1,1,0.5280740297146835
1,1,0.9933897753450568
0,0,0.24655915556902802
1,1,0.9947438263796282
1,1,0.8842230082129104
0,1,0.5695272276838714
0,0,0.16295776743320262
0,0,0.12728927531203835
1,1,0.9952919646920566
1,1,0.7765234655761505
0,0,0.36829652922204437
0,0,0.26257728729778396
0,1,0.659385866627432
0,0,0.002609894114335976
1,1,0.9915595635762061
1,1,0.9254412075795885
1,1,0.9127793170637408
1,1,0.8933018888948681
1,1,0.994011025457438
1,1,0.7379835624778777
1,1,0.9939323798336761
1,1,0.8787389184869492
1,1,0.8005762242206641
1,1,0.9979234819975661
1,1,0.9952919646920566
1,1,0.7216053931325279
1,1,0.5584480521592965
0,1,0.6813279535497268
1,1,0.9448587189401245
1,1,0.7198336535445193
1,1,0.9987866121925764
0,0,0.014581946936932233
1,1,0.9973566115887953
1,1,0.9883695906595353
0,0,0.03457098242853183
1,1,0.9601664350436759
1,1,0.9935234891988433
1,1,0.5584480521592965
1,1,0.9990786583943336
1,1,0.9844225392314909
1,1,0.9694697060533404
1,1,0.5936910276503774
1,0,0.3612124622895339
1,1,0.9348115009810352
1,1,0.9890197437219272
1,1,0.996759303725597
0,0,0.14841752186699347
0,0,0.0025093764020217455
1,1,0.9360538793342863
1,1,0.9455385814285739
1,1,0.9849309100990952
1,1,0.9827276845606023
1,1,0.9127793170637408
0,0,0.005793640517248184
0,0,0.007519734706915115
0,0,0.0049535322118045896
1,1,0.9660623579315918
1,1,0.8461747736406364
0,0,0.08359046696291919
1,1,0.6125390065570249
1,1,0.7102946546087838
0,0,0.02388816479244427
0,0,0.06864694328464928
1,1,0.956499967024235
1,1,0.994462065721587
1,1,0.739420592372534
1,1,0.9975056478667068
1,1,0.9966733932865633
0,1,0.9040493176763258
0,0,0.05431833848028511
1,1,0.9990786583943336
1,1,0.9982486476531268
0,0,0.2567003687766831
1,1,0.8264293405037616
1,1,0.975425424335236
0,0,0.17255384265737617
1,1,0.8556151077672152
0,0,0.21721029406639905
1,1,0.9254412075795885
1,0,0.48794931719989143
1,1,0.5533698159537475
1,1,0.9937257481037979
1,1,0.5291512711446451
1,1,0.9995436746916828
1,1,0.9997504535256516
0,1,0.5193306914963889
1,1,0.9903573450497177
1,1,0.962805986367316
1,1,0.9967166285527443
1,1,0.9926633001451873
1,0,0.44952381778764483
1,1,0.9641906581790691
0,1,0.516053465833837
1,1,0.9987543782768065
1,1,0.9106666373941757
1,1,0.8239121856275393
0,0,0.48653013295047287
0,1,0.9997693476113244
1,1,0.9984434762641826
1,0,0.29301375436369714
0,0,0.050205573007656504
0,0,0.052769054787596525
1,1,0.6013699119300541
0,0,0.1941517307841908
0,0,0.2550244511700057
1,1,0.9941652896903262
1,1,0.732875998909476
1,1,0.95171721491529
0,0,0.02318554001412145
1,1,0.7455258332576096
1,1,0.9879081420988578
0,0,0.007921868735634848
0,0,0.20677048397852063
1,1,0.6600866657336274
0,0,0.04870461918676198
1,1,0.9848200123041569
1,1,0.9942409339386405
1,1,0.9637347062126157
1,1,0.8894902683193134
0,1,0.5727421449606109
1,0,0.29848116991531526
1,1,0.9286081890298459
0,0,0.007618327804005567
1,1,0.5487173929679993
0,0,0.2111091896075924
1,1,0.8121938664672368
1,1,0.9972662707340999
1,1,0.8005762242206641
1,1,0.9936433802501204
1,1,0.5378749321881396
0,0,0.015555629363363821
0,0,0.27696951093145666
1,1,0.9017479396081659
0,0,0.01110805257626278
1,1,0.9989495693603937
0,0,0.08160143331799637
1,1,0.9462105387710634
1,1,0.9987543782768065
0,0,0.1356300350613796
0,0,0.31930169780180995
1,1,0.929844916622636
1,1,0.8609301814829144
0,0,0.05923580062142759
1,1,0.8809138065064666
1,1,0.9852074958879128
1,1,0.8920443875695183
1,1,0.9914374880997402
1,1,0.9983161552290777
1,1,0.9925250630399498
0,0,0.039562704962350245
1,1,0.9158636495706328
0,0,0.3266695610797949
1,1,0.9817118608166338
0,1,0.5663064374480751
1,1,0.9063023912515848
1,1,0.8148408881119475
1,1,0.767280559249213
1,1,0.9828536017782011
0,1,0.5324201654002287
0,0,0.39304545765000864
1,1,0.8256130045425443
1,1,0.8301626473181773
0,0,0.08435997006929832
0,0,0.09697046347346389
0,0,0.3250341150537901
0,0,0.06164891989846576
0,0,0.1621844236436127
0,1,0.5258798744683454
1,1,0.9603831270062699
0,1,0.9997632140903676
0,1,0.9379387810533621
1,1,0.9785026870286089
0,0,0.11209469382025065
1,1,0.976046881051989
1,1,0.8561483568377276
1,0,0.3221612162133262
1,1,0.9944209131415381
1,1,0.9891002998408384
1,1,0.9925670888904403
1,1,0.9987866121925764
0,0,0.3899186909721081
0,1,0.7612097152965172
1,1,0.9583365848724275
1,1,0.9942409339386405
0,0,0.005718525656588174
0,1,0.5649107797104264
1,1,0.7920617389436475
0,0,0.06781251417606367
1,1,0.9985339099100691
1,1,0.9943893096068215
0,1,0.5649107797104264
1,1,0.9998055222102912
1,1,0.9934956123369649
1,1,0.9953873790842094
1,1,0.7529236836661327
0,0,0.46688733414144745
1,1,0.9808520135924808
1,1,0.5094951521680844
0,1,0.9986209671179458
1,1,0.9925670888904403
1,1,0.9826310000035982
1,1,0.9853156051203472
1,1,0.9550761975070822
1,1,0.7000289705696393
0,0,0.03984656590369508
1,1,0.9142649334338007
1,1,0.8842230082129104
1,1,0.6125390065570249
0,0,0.15249877069981357
1,1,0.9344644846838241
1,1,0.9236095595267625
1,1,0.999781142238036
1,1,0.8495606894272887
0,0,0.0913737382319602
0,0,0.1769629501636332
0,0,0.07436706556227889
0,0,0.16779575119721826
1,1,0.8602486702982521
1,1,0.8148408881119475
1,1,0.906932694128949
1,1,0.5649107797104264
1,0,0.4398006861393068
1,1,0.9846225398842892
0,1,0.5094951521680844
1,1,0.9909133053240968
0,0,0.4151656755795612
1,0,0.219450284834107
0,0,0.3788399160625617
1,1,0.5193306914963889
1,1,0.9935234891988433
1,1,0.9977703461600823
1,1,0.9942733684211448
1,1,0.7945034387512105
1,1,0.9895167361425952
1,1,0.9894576467105307
1,1,0.9895167361425952
1,1,0.9964485567015097
1,1,0.7810457993192712
0,0,0.11209469382025065
0,0,0.01617026715663904
1,1,0.9990786583943336
1,1,0.5370988647441066
1,1,0.9637347062126157
1,1,0.9934384836395824
1,1,0.9017479396081659
1,1,0.9074110491215263
1,1,0.8907738779619357
0,0,0.4625469564121748
0,1,0.9997335317343093
1,1,0.9993324390388413
0,0,0.4109354921047344
1,1,0.9717164063650301
0,0,0.0612196453016078
0,0,0.031632224286387324
1,1,0.5207485194753637
1,1,0.9990786583943336
0,1,0.9998029532956114
1,1,0.9987379420177451
1,1,0.9990664970850345
1,1,0.9895167361425952
0,1,0.6756014532431686
1,1,0.9890535939981564
0,0,0.20038668137621662
1,1,0.8927592546702047
0,0,0.4650347266846182
1,1,0.9947438263796282
1,1,0.5681340305229376
1,1,0.9813388648433959
0,0,0.28492370306584347
1,1,0.8692501138755164
1,0,0.423369775209353
1,1,0.830962046143093
1,1,0.9553945476079683
1,0,0.4427020779576492
1,1,0.8828725364006903
0,1,0.6639906230006533
1,1,0.5695272276838714
1,1,0.9684564407767535
0,0,0.36961909343300225
1,1,0.9188486095872461
0,0,0.01125315955193187
0,1,0.669821916918251
1,1,0.9639940114330198
1,1,0.9966295906257848
0,0,0.024507978607316402
1,1,0.9085079132944119
0,0,0.0906455582471133
1,1,0.9866623203571583
0,1,0.6461998601364052
0,0,0.029023639849479418
0,0,0.0028603277448089924
1,0,0.2550244511700057
1,1,0.7810457993192712
1,1,0.9951399479455683
1,0,0.44410399141927365
0,0,0.004071884012683048
1,1,0.8488332450274156
1,1,0.9835047205864631
1,1,0.9990786583943336
1,1,0.8616089038665206
1,0,0.2708888004160976
1,1,0.9965852131752794
1,1,0.9893011897919556
1,1,0.9254412075795885
0,1,0.606290681356499
0,1,0.5695272276838714
1,1,0.5370988647441066
0,1,0.5713515215575719
1,1,0.9531028877207904
1,1,0.9747882605821729
1,1,0.9471596902565041
0,0,0.3308194300815476
0,0,0.1721085680409933
0,1,0.7504738762095161
0,0,0.17024640970650398
0,0,0.00867758076605661
1,1,0.9813388648433959
1,1,0.9913370067263156
1,1,0.9886675105116426
1,1,0.9875905097788608
0,1,0.6659516258880198
0,0,0.014394540895369828
0,0,0.03825206527140472
1,0,0.4552535597260008
0,0,0.04736161354773641
1,1,0.7855018969824368
1,1,0.9893011897919556
0,0,0.0048892558361242735
0,0,0.3993251300585087
1,1,0.9989216597640695
1,1,0.6813279535497268
1,1,0.9608795068041615
1,1,0.9928116030451495
0,0,0.05211682729341111
1,1,0.9727787366042296
1,1,0.9885195057037858
1,1,0.9722286990519942
0,0,0.3899186909721081
1,1,0.8927592546702047
0,0,0.37341265729980294
1,1,0.8392161424231319
0,0,0.33959375896018557
1,1,0.941650879180239
0,1,0.6138863088258517
1,1,0.975425424335236
1,1,0.9910810814848633
1,1,0.9722286990519942
0,0,0.22072820618927486
1,1,0.9379387810533621
1,1,0.9932651335179687
0,1,0.5076344647296784
1,1,0.929844916622636
0,0,0.3324696470520044
1,1,0.8141877478029108
1,1,0.9983380754365883
1,1,0.9912610855446503
1,1,0.8495606894272887
1,1,0.9967166285527443
1,1,0.9961081288096565
0,0,0.11415844213585788
1,1,0.9763518343898988
1,1,0.9567357056102372
1,1,0.8759137942754448
1,1,0.9987706007437336
0,0,0.2734889511703718
0,0,0.04125698872368679
0,0,0.07054882604786486
0,1,0.9997693476113244
1,1,0.9168695527814661
1,1,0.9981300786113295
1,1,0.9911086341345624
0,1,0.7787929065349525
0,1,0.659385866627432
0,0,0.49637097419726417
0,0,0.027580105859112636
1,1,0.9997191720151785
1,1,0.9886036895062341
1,1,0.9989900865622885
1,1,0.8874520015513903
1,1,0.9952919646920566
0,0,0.4101800119624223
1,1,0.9824055600522487
1,1,0.9965852131752794
1,1,0.9207846222951895
0,0,0.004071884012683048
0,0,0.06046963608046252
1,1,0.9990786583943336
1,1,0.9254412075795885
1,1,0.9993324390388413
0,0,0.05997148332645099
1,1,0.9914855760974721
1,1,0.9722286990519942
1,1,0.9148467050673842
1,1,0.717178994297654
0,1,0.7009359908554015
0,0,0.04393243816277125
1,1,0.9371703514327611
0,1,0.7302986177767873
0,0,0.35316437397378353
1,1,0.5527373622273619
1,1,0.5873435184767087
1,1,0.9475310583029907
1,1,0.8528850338178776
0,0,0.31998060159149994
1,1,0.6898156115938644
0,0,0.18693097213227863
1,1,0.9503494495590957
1,1,0.995506351417736
1,0,0.43118352638737417
0,1,0.6954043206532361
0,0,0.05707919682174831
1,1,0.8505097334249896
0,0,0.06071571320750395
0,0,0.4183560664835209
1,1,0.8945464740396184
0,0,0.21721029406639905
1,0,0.45710049560166466
1,1,0.999813029785442
1,1,0.9903029473183849
0,0,0.4344055782954354
1,0,0.3266695610797949
1,1,0.767280559249213
1,1,0.5905210438215074
1,1,0.9788418059354657
1,1,0.9990032423247183
0,0,0.43946630337267967
1,1,0.9893797032678032
1,1,0.7963520987710089
1,1,0.7036801191122987
1,1,0.7405135975921033
1,1,0.9623330924568283
0,0,0.21058974431144428
0,0,0.3257193749725084
1,1,0.9934868353739631
0,1,0.6323775590645134
0,0,0.07869867841563938
0,1,0.7036801191122987
1,1,0.6474974731249435
1,1,0.9662038101416521
0,0,0.05364804632959495
1,1,0.995506351417736
0,0,0.4625469564121748
1,1,0.8471413344002873
1,1,0.9426756145346104
1,1,0.9509651275553892
0,0,0.023057237418867223
1,1,0.9955974402059209
0,1,0.6354235618958964
1,1,0.9961586823943323
1,0,0.4734265517962309
1,1,0.832005218335025
0,0,0.1325818695132009
0,0,0.47015566222137073
1,1,0.9371703514327611
1,1,0.9914855760974721
0,0,0.3257193749725084
1,1,0.9311749804746109
1,0,0.10519138399324435
1,1,0.9268481927492127
0,0,0.4650347266846182
0,0,0.13629735824302497
1,1,0.8264293405037616
0,1,0.7963520987710089
1,1,0.7810457993192712
0,1,0.7198336535445193
0,0,0.2840437198077988
1,1,0.6249234388913723
1,1,0.847875461466689
1,1,0.8108475229279075
1,1,0.7932852545510745
1,1,0.9662038101416521
1,1,0.8933018888948681
1,1,0.8488332450274156
1,1,0.9269401663141474
0,0,0.17398682376716623
1,1,0.9932651335179687
0,0,0.037772113276628
1,1,0.8488332450274156
1,1,0.9998202475920218
0,0,0.27960564516061476
0,0,0.013846449168602436
1,1,0.9276147419995204
1,1,0.9835047205864631
1,1,0.7354376723016417
1,1,0.8374372079450197
1,1,0.9983930537078082
0,0,0.012413656172565467
1,1,0.964641087930725
1,1,0.9960691546459938
1,1,0.9939323798336761
1,1,0.9990786583943336
1,1,0.9990487925398794
0,1,0.6125390065570249
1,1,0.5272959680260668
1,1,0.9820464536854656
0,0,0.19689624585886112
0,1,0.6551495781507026
0,0,0.08392222842189989
1,1,0.996056912549015
0,0,0.44410399141927365
1,0,0.39754069773949574
1,1,0.9990786583943336
0,0,0.34847961836062324
1,1,0.9934754077841796
0,0,0.09968092091241873
0,0,0.026690648676242882
0,0,0.3961810153740033
1,1,0.9968014260136875
1,1,0.8894902683193134
1,1,0.9918718763479246
1,1,0.9997471573763771
0,0,0.07911152677781617
1,1,0.9853156051203472
1,1,0.995506351417736
0,0,0.44120068556323877
0,0,0.36221056877972035
1,1,0.9217367196530776
1,1,0.9946351715235943
1,1,0.9976637184926244
0,0,0.22322940836332583
0,0,0.016593232838557057
1,1,0.7649286592468305
1,1,0.9837163102862061
0,0,0.04430364174797649
1,1,0.8907738779619357
1,1,0.9441708705830784
1,1,0.9207846222951895
1,1,0.9996797964861299
0,0,0.15176606243032412
1,1,0.8276883450709787
1,0,0.47234894891091833
1,1,0.9998202475920218
1,1,0.9711455398956033
1,1,0.9700214371323971
0,0,0.4734265517962309
0,0,0.19277826366648806
0,0,0.0973496874988618
1,1,0.9773701154365209
1,1,0.9760055934325382
0,0,0.05997148332645099
1,1,0.9891002998408384
1,1,0.9702371790061035
1,1,0.9933897753450568
1,1,0.9746046446726361
1,1,0.9918116344671676
1,1,0.5982192939530044
0,0,0.12297892338587808
0,0,0.033280586311671585
1,1,0.9686830815975339
1,1,0.9987379420177451
1,1,0.888930659565206
1,1,0.9984434762641826
1,1,0.9990786583943336
1,1,0.8744801588616613
1,1,0.7942152027524895
0,0,0.009022942324410988
0,1,0.8495606894272887
1,1,0.6045121572533981
1,1,0.9990416912395266
1,1,0.9891002998408384
1,1,0.9895490704651997
1,1,0.9998055222102912
1,1,0.9106666373941757
1,1,0.9900475886709849
1,1,0.9618544242658131
0,1,0.7455258332576096
1,1,0.9990786583943336
1,0,0.31080491958525647
1,1,0.8502852506473352
1,1,0.5135547722113544
0,0,0.024507978607316402
1,1,0.9294734564752062
0,0,0.05707919682174831
1,1,0.9391254400975766
0,0,0.004404049750510954
0,0,0.15290268139526889
1,1,0.9561891445473928
1,1,0.8181264118750656
0,0,0.253128565985703
0,0,0.4846704431051543
1,1,0.9809913401825955
1,0,0.016289134808920153
0,1,0.6045121572533981
1,1,0.9990487925398794
0,0,0.20748044640690427
1,1,0.9984346232436726
1,0,0.29455839727970506
1,1,0.5817266329624263
1,1,0.6125390065570249
1,1,0.9958452467486418
1,1,0.9417477533651171
1,0,0.4560278712134066
1,1,0.9641906581790691
0,0,0.0906455582471133
1,1,0.9263418141419785
0,1,0.6279948715392226
1,0,0.468301478141243
0,0,0.2600437448983261
1,1,0.9787770546969996
0,0,0.07436706556227889
1,1,0.9744636716418852
1,1,0.9977537219958321
0,0,0.13208548249159643
0,1,0.7665077255756355
0,1,0.9997977132380382
1,1,0.9998202475920218
1,1,0.8715703158750235
1,1,0.9989495693603937
1,1,0.9787770546969996
0,1,0.870093940428941
1,1,0.9863124158586893
1,1,0.9990664970850345
0,0,0.04795734174022257
1,0,0.24761591668111085
1,1,0.9905112708296482
0,0,0.005357231919178637
1,1,0.6521781702430801
1,1,0.9990786583943336
1,1,0.8392161424231319
0,0,0.025794983752906217
1,1,0.7145091574861981
0,0,0.04896848379996749
1,1,0.9550761975070822
0,0,0.006775259218535319
0,1,0.5443931118912383
0,0,0.48794931719989143
1,1,0.8957782354253906
1,1,0.9921695613079969
1,1,0.9987543782768065
1,1,0.7742374910813976
1,1,0.7706216556336375
0,0,0.3591839377459085
1,1,0.994462065721587
1,1,0.9933897753450568
0,0,0.34422217143686745
1,0,0.48794931719989143
0,0,0.0765951945924991
1,1,0.9831676639451399
1,1,0.936393052505093
0,0,0.4408660760531916
0,0,0.00781937829597812
1,1,0.8907738779619357
0,0,0.06146857485706154
1,1,0.9979234819975661
0,0,0.09968092091241873
1,1,0.971872107870952
1,1,0.9263418141419785
1,1,0.9736116388813517
1,1,0.9843351906678879
1,1,0.9987903896875628
1,1,0.7118242445132328
0,0,0.017248150357355642
0,0,0.02276342377547511
1,1,0.9990235166937365
1,1,0.9040493176763258
0,1,0.7898917015669282
1,1,0.9981054202042215
1,1,0.5982192939530044
0,1,0.7696160154928903
1,1,0.9694697060533404
1,1,0.7649286592468305
1,0,0.20319710930077298
1,1,0.669821916918251
0,1,0.9997438177008775
1,1,0.995564687003552
1,1,0.7706216556336375
1,1,0.771935000772235
1,1,0.7529236836661327
1,1,0.9399481527293939
0,1,0.5968532247140763
0,0,0.05850858097625025
0,0,0.27960564516061476
1,1,0.9990786583943336
0,0,0.016808776003665895
1,1,0.9927173223215874
0,0,0.2921189922348559
1,0,0.2702726573230238
1,1,0.5606174167291886
1,1,0.964894148389403
1,1,0.8561483568377276
0,0,0.03682951067971156
1,1,0.8444585607455659
1,1,0.9630088725356293
1,1,0.8192315639307824
1,1,0.9578093559868898
1,0,0.3412654236986259
1,1,0.8933018888948681
0,0,0.05568266770435755
0,1,0.7504738762095161
1,1,0.9958992009904442
0,0,0.05380676187092561
1,1,0.9986447881497479
1,1,0.7163012980611414
1,1,0.988217741321869
0,0,0.08460142292901757
1,1,0.987098553863
1,1,0.9981194464402513
1,1,0.7480079080498602
1,1,0.5468731665801561
1,1,0.7920617389436475
0,1,0.7145091574861981
0,0,0.04023105714068485
0,0,0.3237891413096457
1,1,0.7942152027524895
1,1,0.9603831270062699
1,1,0.9904281828946487
1,1,0.9315381388708267
1,1,0.9982714451492708
0,0,0.36829652922204437
0,1,0.8686031518199351
1,0,0.27810850111587665
0,0,0.2717434975679176
0,0,0.025794983752906217
1,1,0.6310560017412638
1,1,0.9938527078433493
0,1,0.6551495781507026
1,1,0.9984021414494438
0,0,0.007045447816398047
1,1,0.9969645273089213
1,0,0.4832517952097946
1,1,0.9797281529580852
1,1,0.8207082758338305
0,0,0.20841604647639736
1,1,0.5062146279372253
1,1,0.6926170306320417
0,1,0.7553572798213336
0,0,0.1594087009313672
0,0,0.1559225313351826
1,1,0.6841709319594019
1,1,0.6431933353324214
1,1,0.966812540760299
0,1,0.8283040374222125
1,1,0.9930872354899577
0,1,0.5971797783640014
1,1,0.8773333521992763
0,0,0.08804768071004787
1,1,0.9603831270062699
1,1,0.5950605422685905
1,1,0.9964283977903349
0,0,0.1621844236436127
0,0,0.05923580062142759
1,1,0.9641906581790691
1,1,0.8561483568377276
1,1,0.6981773500132223
0,0,0.021467365970436695
0,1,0.5584480521592965
0,0,0.44952381778764483
0,0,0.0376153012674141
1,1,0.9926218142316994
0,1,0.5958125627485996
1,1,0.5649107797104264
0,0,0.09235548670691973
1,0,0.11549250043314928
1,1,0.8868833838387831
0,0,0.03809333960957381
1,1,0.8128524043954113
0,0,0.3993251300585087
1,1,0.7021253908589931
0,0,0.3961810153740033
1,0,0.11283782775316564
1,1,0.7810457993192712
1,1,0.9990786583943336
1,1,0.9254412075795885
1,1,0.9977537219958321
1,1,0.8512305241850365
1,1,0.7480079080498602
0,0,0.09199373476336807
1,1,0.9983503820914046
0,0,0.1957216470942881
0,1,0.5713515215575719
0,0,0.18806515078427125
1,1,0.9826310000035982
0,0,0.07475903444228868
1,1,0.957275752733905
1,1,0.9858745752586011
1,1,0.9967166285527443
0,0,0.02388816479244427
0,0,0.40247756486052877
1,1,0.9950760535963331
1,1,0.8863122613623281
1,1,0.9947047564239382
1,1,0.9935234891988433
1,1,0.6710769919700404
1,1,0.9462105387710634
1,1,0.8744801588616613
0,1,0.7810457993192712
0,0,0.027849667575438924
1,0,0.4930900045985326
0,1,0.9984884623705159
1,1,0.6358322295712205
0,0,0.28340928605143284
0,0,0.1102365696277597
0,0,0.06274581540237958
1,1,0.994974231794854
0,0,0.2754810843520867
0,0,0.3012367450214883
0,0,0.04266601928428374
1,0,0.3561684739429857
1,1,0.8686031518199351
1,0,0.38545449521084807
0,0,0.010683741900594557
0,1,0.6000073923047792
1,1,0.8842230082129104
1,1,0.9700214371323971
1,1,0.9272323975288678
1,1,0.999781142238036
1,1,0.7504738762095161
1,1,0.722473037573032
1,1,0.9829061326811215
0,0,0.018635063871535868
1,1,0.683236043704551
0,0,0.006024920886060122
0,0,0.11879466311017903
1,1,0.9630088725356293
0,0,0.121570274734395
1,1,0.7706216556336375
1,0,0.36393221352508875
1,1,0.9930872354899577
1,1,0.8933018888948681
1,1,0.6954043206532361
0,0,0.009381918943121589
1,1,0.9706138702794237
1,1,0.9993989403443247
1,1,0.9990786583943336
1,0,0.1948290076205151
0,0,0.19711096397919292
1,1,0.990481884842009
0,0,0.2787356843121294
1,1,0.9998105600217538
1,0,0.2539467440365562
0,0,0.06753974235462497
0,0,0.09850916181878903
1,1,0.8751023450044527
0,0,0.008130864152433106
1,1,0.5777681824588701
1,1,0.9877503426510629
1,1,0.6756014532431686
1,0,0.447346661240812
1,1,0.9997950411934786
1,0,0.4101800119624223
0,0,0.1302340289707746
0,0,0.05248584117141436
0,0,0.07475903444228868
1,1,0.9941981477076239
1,1,0.9690788153508466
0,0,0.0151587047610987
1,0,0.253128565985703
0,0,0.033993329799916434
1,1,0.9990290424540451
1,1,0.9513111253653023
0,1,0.8993975054547774
0,0,0.3324696470520044
1,1,0.9944209131415381
1,0,0.21205677455728641
1,1,0.6156494798601746
1,1,0.6659516258880198
1,1,0.9986447881497479
1,1,0.9990416912395266
1,1,0.9830733998228703
1,1,0.847875461466689
1,1,0.9940447470057971
1,1,0.9989074284072331
0,0,0.14099946627124188
1,1,0.8187687892567623
1,1,0.8159615135794543
1,1,0.709124360542023
1,1,0.7869812505845049
1,1,0.9437771307735141
1,1,0.9918116344671676
0,1,0.5149737255836151
1,1,0.9876599339148053
1,1,0.9937719962606462
1,1,0.9877503426510629
1,1,0.9990786583943336
0,0,0.1957216470942881
0,0,0.24333213799976564
0,0,0.08460142292901757
0,0,0.015825100695546924
1,1,0.7466020059288924
1,1,0.8461747736406364
1,1,0.6310560017412638
0,0,0.09850916181878903
1,1,0.9971567917687515
1,1,0.5248018699027319
1,1,0.8752950743828611
1,1,0.9873358651733425
1,1,0.9988635987754916
1,1,0.8945464740396184
0,0,0.1957216470942881
1,1,0.9462105387710634
1,1,0.9409255171499878
1,1,0.9940447470057971
1,1,0.9024055810355136
0,1,0.6521781702430801
1,1,0.765948537617613
1,1,0.9937719962606462
0,1,0.6461998601364052
1,1,0.8609301814829144
0,0,0.04320536360826838
0,0,0.24333213799976564
1,1,0.7765234655761505
0,0,0.2514680783856616
1,1,0.9360538793342863
0,1,0.5193306914963889
1,1,0.5422090548737454
1,1,0.7942152027524895
1,1,0.6669126574455828
0,0,0.16117534258505695
0,0,0.4560278712134066
1,1,0.9405103313220708
1,1,0.966388808868252
1,0,0.4977910349630137
0,0,0.45059381608500454
1,1,0.9929046719448192
1,1,0.6870001989671739
0,0,0.10981325220683556
1,1,0.9936074005830622
0,1,0.5411357816716854
1,1,0.975425424335236
1,1,0.991917544662049
1,1,0.783282132333204
1,1,0.7262278931580892
0,0,0.41654556560423434
0,0,0.15982746191200162
1,1,0.9241331832365862
0,0,0.1998869344515413
0,0,0.4344055782954354
1,1,0.9988930094407088
1,1,0.9947047564239382
0,0,0.3370505180734485
1,1,0.9727787366042296
1,1,0.9972662707340999
0,0,0.005718525656588174
1,1,0.8128524043954113
1,1,0.9891947886820509
1,1,0.9886675105116426
1,0,0.41973894993735456
0,0,0.1948290076205151
1,1,0.8141877478029108
0,0,0.4930900045985326
1,1,0.9951038079303758
1,1,0.946874671169969
0,0,0.02054101371833075
1,1,0.9306963136166195
0,0,0.1957216470942881
1,1,0.9929965443721402
0,1,0.6371465157037023
1,1,0.9989216597640695
1,1,0.9059346331864353
1,1,0.9926218142316994
0,1,0.5905210438215074
1,1,0.9958992009904442
1,1,0.8392161424231319
0,0,0.3086661694196498
0,0,0.04108632690705772
0,1,0.5010723647875496
1,1,0.9927173223215874
1,1,0.9985984103497291
0,0,0.012646333920452722
1,1,0.9613699173755036
1,1,0.9442423746264371
1,1,0.9988784003967983
0,0,0.03682951067971156
1,1,0.9725808970910168
1,1,0.7294462768942126
1,1,0.8245385103777619
1,1,0.9964018042223074
1,1,0.9890197437219272
1,0,0.3665661367092653
0,0,0.037297949739648506
1,0,0.1102365696277597
1,1,0.9198219498933217
0,0,0.22170683307114736
1,1,0.9818135670692989
1,1,0.996759303725597
1,1,0.9981054202042215
1,1,0.9953873790842094
1,0,0.02054101371833075
1,1,0.7009359908554015
1,1,0.999783995443899
0,0,0.14787195327258265
1,0,0.447346661240812
0,0,0.018531464678480034
1,1,0.7189609673305131
0,0,0.04978749548244123
1,1,0.8207082758338305
1,1,0.9952919646920566
1,1,0.8128524043954113
1,1,0.8283040374222125
0,0,0.12910507926175968
0,0,0.05041212240189612
0,0,0.0692118529072898
1,0,0.3792552278598648
1,1,0.9672311118572204
1,1,0.717178994297654
0,1,0.514193935121645
1,1,0.9846225398842892
1,1,0.9749274878276297
1,1,0.8427267590809823
1,1,0.9556359989121206
1,1,0.9943156031025563
1,1,0.9711455398956033
1,1,0.9879081420988578
1,1,0.9993497237691943
0,0,0.15249877069981357
0,0,0.03286088058725667
1,1,0.9893797032678032
0,0,0.15420288138403795
0,1,0.7625603459284828
0,0,0.04978749548244123
1,1,0.9503494495590957
0,0,0.16117534258505695
1,1,0.9982714451492708
0,0,0.004701364369039345
1,1,0.9990786583943336
1,1,0.9711455398956033
1,1,0.9997335317343093
1,1,0.9987706007437336
1,1,0.9371703514327611
0,0,0.11505160961520386
1,1,0.9957110178240254
1,1,0.8301626473181773
1,1,0.9942733684211448
1,1,0.9894392249066382
0,0,0.0026442845932676843
0,1,0.8409793064938235
1,1,0.9837163102862061
1,1,0.9898428451388604
1,1,0.6125390065570249
0,0,0.2567003687766831
1,1,0.8452032178905385
1,1,0.9844225392314909
1,1,0.9289838583011274
1,1,0.5649107797104264
1,1,0.6857774330050477
1,1,0.998901211297482
1,1,0.9964018042223074
1,1,0.9988784003967983
1,1,0.8787389184869492
1,1,0.9953267223975811
1,1,0.9877503426510629
1,0,0.39304545765000864
1,1,0.6361464575696651
1,1,0.6187505245636927
1,1,0.9998105600217538
1,1,0.9948120093151643
1,1,0.9168695527814661
1,1,0.9241331832365862
1,1,0.7379835624778777
1,1,0.6504874382474292
1,1,0.8392161424231319
1,1,0.9990290424540451
1,1,0.5841586993356982
0,0,0.2665797352119577
1,1,0.5389493341522548
1,1,0.8374372079450197
0,1,0.6926170306320417
1,1,0.8787389184869492
0,0,0.1201755503356862
0,1,0.6898156115938644
0,0,0.25065520316339956
0,0,0.3055842803102535
0,1,0.999781142238036
1,1,0.9320114161519746
1,1,0.9729287528945916
1,1,0.7688486010837327
1,1,0.7956500958910758
1,1,0.8730323608421324
1,0,0.14297880633579813
0,0,0.00271442729257487
1,1,0.9921253056593492
1,1,0.8593512297801803
0,0,0.14031286120420314
0,0,0.2419639838353726
1,1,0.9866623203571583
1,1,0.9430766032052261
1,1,0.5487173929679993
0,0,0.03093137046555771
1,1,0.9998178731538345
0,0,0.1032708433298929
1,1,0.7729335049334771
1,1,0.9911466500738308
0,1,0.5681340305229376
1,1,0.996056912549015
1,1,0.9961870659526237
1,0,0.31930169780180995
1,1,0.9950394408223829
0,0,0.21721029406639905
1,1,0.833831800527995
1,1,0.7800728179680965
1,1,0.9939323798336761
0,0,0.034426984525364725
1,1,0.9929445787163662
1,1,0.9988784003967983
1,1,0.9939323798336761
1,1,0.9977111767793291
1,1,0.9989843393277488
1,1,0.9928116030451495
1,1,0.9990786583943336
1,1,0.9272323975288678
1,1,0.9736917262110183
1,0,0.34422217143686745
0,0,0.11742752533743928
1,1,0.9989216597640695
1,1,0.9670938129291945
0,0,0.49637097419726417
0,1,0.5735059066426187
1,1,0.9764826353972447
1,1,0.6681733127662994
1,1,0.9992777810715847
0,0,0.3788399160625617
1,1,0.9773701154365209
1,1,0.9936433802501204
0,1,0.6727182360710372
1,1,0.9961368844606102
1,1,0.9649400963377937
0,0,0.19689624585886112
0,0,0.01638040758881561
1,1,0.9949081699485981
0,0,0.19689624585886112
1,1,0.7529236836661327
0,0,0.24171511564839596
1,1,0.5102753015469006
0,0,0.045182816644201464
1,0,0.020806752865935044
1,1,0.9670938129291945
1,1,0.7810457993192712
1,1,0.9744636716418852
0,0,0.37750411642461396
1,1,0.9877503426510629
1,1,0.9924270528154672
1,1,0.9554523549821091
0,1,0.6491948685882406
1,1,0.9839252302245594
0,0,0.06864694328464928
1,1,0.9893797032678032
1,1,0.6156494798601746
1,1,0.6710769919700404
0,0,0.48545020076968404
0,0,0.460359474167805
0,0,0.23089830941187553
1,1,0.9987044168451429
1,0,0.014689313173049634
1,0,0.4088064340514669
0,0,0.027033749815347705
0,0,0.09457965524980733
1,1,0.961485688000013
1,1,0.663025420556987
1,1,0.9989216597640695
0,0,0.025794983752906217
0,1,0.7742374910813976
1,1,0.9939771141181647
1,1,0.9013642510647577
1,0,0.38267066799405275
1,1,0.9379387810533621
0,0,0.12875447773522522
1,1,0.9647474146545547
1,1,0.5440564375892405
1,1,0.9497264498325336
1,1,0.7898917015669282
1,1,0.9757380929297094
1,1,0.8715703158750235
1,1,0.9952919646920566
1,1,0.9998154673563113
1,1,0.9117286857097701
1,1,0.9910307296377243
0,1,0.999808057640241
1,1,0.8781323253510807
1,1,0.8561483568377276
0,1,0.6444959088023637
1,1,0.9915333963340822
1,1,0.8982036580372734
1,1,0.9352637220522516
1,1,0.9965402534448866
0,0,0.12096495798363993
1,0,0.12236756981195657
0,1,0.5598482882440099
0,0,0.003572811954667642
0,1,0.6639906230006533
1,1,0.9952919646920566
0,0,0.4151656755795612
1,1,0.9843351906678879
1,1,0.9802430035930007
1,1,0.936393052505093
0,1,0.5422090548737454
1,1,0.9814747158618381
1,1,0.9741350146595307
0,0,0.48794931719989143
1,1,0.5346108390520795
1,1,0.9872646413638971
0,0,0.49450989540478735
1,1,0.9983380754365883
1,1,0.9864884852228581
1,1,0.9982486476531268
0,1,0.6358322295712205
1,1,0.9828536017782011
1,1,0.9989495693603937
1,0,0.22681655870449915
0,0,0.4151656755795612
1,1,0.8907738779619357
0,0,0.45710049560166466
1,1,0.9937367399957077
1,1,0.9998178731538345
0,0,0.32792023926809344
1,1,0.9241331832365862
0,0,0.45059381608500454
0,0,0.14420898515311042
0,0,0.09469595209198904
0,1,0.6249234388913723
0,0,0.046580551737227346
1,1,0.9985229704033362
1,1,0.6461998601364052
1,1,0.7977758856803244
1,1,0.7787929065349525
0,0,0.020922800779174203
1,1,0.9303290237082723
0,0,0.46907887224132155
1,1,0.9981054202042215
0,0,0.2876054292738324
0,1,0.5519654636702351
1,1,0.9819460258845543
1,1,0.6371465157037023
0,0,0.03286088058725667
0,0,0.05850858097625025
1,1,0.7617767038032432
0,0,0.027849667575438924
0,1,0.6898156115938644
0,0,0.4734265517962309
1,1,0.5429838449004506
1,1,0.9379387810533621
0,0,0.08160143331799637
0,0,0.12110935896752897
1,1,0.7810457993192712
1,1,0.9659598573222623
1,1,0.9336560798465605
1,1,0.9662038101416521
0,0,0.47811693377854964
1,1,0.9984139744451314
1,1,0.9933523698297859
1,1,0.9985611840126101
0,0,0.18166170500797324
1,1,0.9444695449279887
1,0,0.3324696470520044
1,1,0.9950760535963331
1,1,0.9063023912515848
0,0,0.045048328311620076
0,0,0.48139288818637394
1,1,0.7612097152965172
1,1,0.9711455398956033
1,1,0.7405135975921033
0,0,0.018714289044536606
1,1,0.808826214871534
0,0,0.2111091896075924
1,1,0.7625603459284828
1,1,0.9804956025452062
0,0,0.09394403390150036
0,1,0.6954043206532361
1,1,0.9807450353844945
1,1,0.9245304865662212
1,1,0.9988635987754916
1,1,0.8545242877757699
1,1,0.985770521837321
1,1,0.999813029785442
1,1,0.9949171009456788
1,1,0.6461998601364052
1,1,0.739420592372534
1,1,0.9950113234490152
0,0,0.002542445739075969
1,1,0.8444585607455659
1,1,0.9394493754316038
1,1,0.9106666373941757
1,1,0.9987379420177451
1,1,0.997042941447177
1,1,0.9919770136635053
0,0,0.14583640135459014
0,0,0.006600876329233303
1,1,0.9990786583943336
0,1,0.6000073923047792
1,1,0.9901339474353879
1,1,0.9981194464402513
0,0,0.11775145190154514
0,0,0.16236894118010922
1,1,0.9990416912395266
0,0,0.27696951093145666
1,1,0.9839252302245594
1,1,0.864043493678873
0,0,0.1797186226366898
0,1,0.6981773500132223
1,1,0.8264293405037616
0,0,0.029184150858151445
1,1,0.9990664970850345
1,1,0.9930481299623102
0,0,0.22527661240716854
1,1,0.9961081288096565
1,1,0.997336910877993
1,0,0.23145316095382182
0,0,0.005571188612309009
1,1,0.8773333521992763
1,1,0.9752463310205981
0,0,0.1713006848410477
1,1,0.8067884537668882
1,1,0.9998202475920218
0,0,0.13058805547949107
0,1,0.659385866627432
0,0,0.11372198928524285
0,0,0.01617026715663904
1,1,0.5855379136227113
1,1,0.9413379860769191
1,1,0.8613035339556507
0,0,0.031632224286387324
1,1,0.9808520135924808
1,1,0.9966733932865633
1,1,0.9986524541824932
1,1,0.9925900852339262
1,1,0.9475310583029907
1,1,0.9979234819975661
1,0,0.12378415498813816
1,1,0.9588575083281586
0,0,0.45200045140358514
1,1,0.6094193307230216
1,1,0.9123260171539562
1,1,0.9896520193856261
1,1,0.9985422022326536
0,0,0.07407002338737045
0,0,0.1621844236436127
1,0,0.45384518499957144
1,1,0.6600866657336274
1,1,0.9980551255096889
1,1,0.9925250630399498
1,1,0.9286081890298459
0,0,0.015421407851112245
0,0,0.01688037044309907
1,1,0.9478127499420885
1,1,0.9133702144268319
1,1,0.8264293405037616
1,1,0.9957905856309633
1,1,0.9952030171827896
1,1,0.9632731698540008
1,1,0.8801305796948278
1,1,0.9943476194465779
1,1,0.9623330924568283
1,1,0.8081568532087451
0,0,0.4006884424576215
0,0,0.4038444039531122
1,0,0.23222306218622255
1,1,0.9983810648800903
1,1,0.9864884852228581
1,1,0.91381862552298
1,1,0.9360538793342863
1,1,0.9948120093151643
1,1,0.9989216597640695
1,1,0.9942409339386405
1,1,0.9623330924568283
1,1,0.8686031518199351
1,0,0.32254665739272403
1,1,0.9776971161895524
1,1,0.6504874382474292
0,0,0.04716694193231461
0,0,0.2149868700216175
1,1,0.9865300326625807
1,1,0.9851244823542966
1,1,0.9888136288558578
1,1,0.9731241518504448
1,1,0.5552091066547443
1,1,0.9933523698297859
1,1,0.9987866121925764
1,1,0.9245304865662212
1,1,0.5731738783102257
0,1,0.7891733245355301
1,1,0.9909133053240968
1,1,0.9776586079454826
0,0,0.10154225924965116
1,1,0.9974057304140368
0,0,0.24900553111913676
1,1,0.9022500713749803
1,1,0.9966733932865633
0,0,0.27960564516061476
1,0,0.15708451449451227
0,0,0.03457098242853183
1,1,0.725097052466242
1,1,0.9940886577764245
1,1,0.7021253908589931
0,0,0.2592127483149804
0,0,0.09533612558059962
1,1,0.9608795068041615
0,0,0.08665668149787262
1,1,0.9963813808956915
1,1,0.9831676639451399
1,1,0.8933018888948681
1,1,0.9952919646920566
1,1,0.9360538793342863
1,1,0.9588575083281586
1,1,0.9990416912395266
1,1,0.9713534310234331
0,0,0.05997148332645099
1,1,0.9970039901365138
1,1,0.9930872354899577
1,1,0.7504738762095161
0,1,0.8035616844202126
1,1,0.9981544166768347
0,0,0.16760630058950304
1,1,0.7379835624778777
0,0,0.04917020719750738
1,1,0.9772441354663337
0,0,0.2556180094701487
1,1,0.7908328909832878
0,0,0.11820130690714739
0,0,0.13629735824302497
1,1,0.9943476194465779
0,1,0.5291512711446451
1,1,0.9890197437219272
1,1,0.7898917015669282
1,1,0.9379387810533621
1,1,0.8495606894272887
1,1,0.8822838511447805
1,1,0.9990786583943336
0,1,0.5258798744683454
1,1,0.983001312205897
1,1,0.6784714104799113
0,0,0.346211849489914
0,0,0.3324696470520044
0,0,0.0768162877799789
1,1,0.8801305796948278
1,1,0.9952030171827896
0,0,0.06300053417094213
0,0,0.10206166819295083
0,0,0.38577606525418845
1,1,0.5519654636702351
1,1,0.9478127499420885
1,1,0.9984229440608903
0,1,0.7984724355203551
1,1,0.9198219498933217
1,1,0.8239121856275393
0,0,0.037297949739648506
0,0,0.07208057647710579
1,1,0.9444695449279887
0,0,0.3868009466050503
1,1,0.9830733998228703
1,1,0.8940094183902624
0,0,0.036366732677296267
0,0,0.25752611104020917
1,1,0.9888136288558578
1,1,0.9983161552290777
0,0,0.024899421391328905
0,0,0.04284294956384365
1,1,0.9915333963340822
1,1,0.998508142844234
1,0,0.193663767262829
1,1,0.9782248512792088
1,1,0.9561891445473928
1,1,0.8264293405037616
0,0,0.13784987247576191
1,1,0.9819460258845543
1,1,0.9455385814285739
1,1,0.9198219498933217
1,1,0.8679534748321741
1,1,0.9944209131415381
1,1,0.9775341970893136
0,0,0.06781251417606367
0,0,0.04486271727183102
1,1,0.9998105600217538
0,0,0.23693631652605307
0,0,0.11340772262732106
0,0,0.11473414426726604
1,1,0.9972662707340999
1,1,0.9879081420988578
0,0,0.3561684739429857
0,1,0.5258798744683454
1,1,0.9394493754316038
0,0,0.2948405176803708
0,1,0.8809138065064666
0,0,0.01562197102338649
1,1,0.9946351715235943
1,1,0.9344644846838241
0,0,0.14513022201273057
0,1,0.5291512711446451
1,1,0.8256130045425443
0,1,0.5552091066547443
0,0,0.00271442729257487
0,0,0.06555633216694666
1,1,0.9637347062126157
1,1,0.8245385103777619
1,1,0.9998029532956114
0,0,0.4056380802449209
1,1,0.9984434762641826
1,1,0.9331934306372055
1,0,0.355177745069652
1,1,0.9952300593038914
0,0,0.45851049143236566
1,1,0.994974231794854
1,1,0.8356424458179031
0,1,0.7064096145052104
1,1,0.9848200123041569
1,1,0.7601756530104969
0,1,0.5211888692182505
0,1,0.9340070744192851
1,1,0.8855599275067289
1,1,0.9943893096068215
0,0,0.0729634131819012
1,1,0.7277056080299026
0,0,0.08235427159070413
0,0,0.32956311661951615
0,0,0.13058805547949107
1,1,0.7504738762095161
0,1,0.9987903896875628
1,0,0.08910730131974202
1,1,0.9941652896903262
0,0,0.11957623280241235
1,1,0.8035616844202126
1,1,0.802663478746088
0,1,0.7577746175183566
1,1,0.7480079080498602
0,0,0.4247571288721397
1,1,0.9989074284072331
1,1,0.9848200123041569
1,1,0.7920617389436475
0,1,0.6293209530646031
1,1,0.9980551255096889
0,1,0.5954856515139237
0,0,0.020806752865935044
1,1,0.9951038079303758
1,1,0.9987706007437336
1,1,0.9232078107397997
1,1,0.9977111767793291
1,1,0.999783995443899
0,0,0.26257728729778396
1,1,0.7129880725384287
1,1,0.9863544972166449
1,1,0.9934102433149009
1,1,0.9880639333464989
0,0,0.4408660760531916
1,0,0.4977910349630137
0,0,0.3164557111391912
0,1,0.722473037573032
1,1,0.9911963569456695
1,1,0.9988635987754916
1,1,0.941650879180239
1,1,0.9982486476531268
0,0,0.3888907877888893
1,1,0.7118242445132328
0,0,0.29692461460997255
1,1,0.9386984272454916
0,1,0.6125390065570249
1,1,0.9593721947259476
0,0,0.29301375436369714
1,1,0.9340070744192851
1,1,0.9988061437172464
1,1,0.6094193307230216
0,1,0.9997370054657294
0,0,0.12536355020077064
1,1,0.9994067732850547
0,0,0.12728927531203835
0,0,0.04486271727183102
0,0,0.07497525786425861
1,1,0.9148467050673842
1,1,0.6341066189092583
1,1,0.9906738682555242
0,0,0.015421407851112245
0,1,0.8993975054547774
0,0,0.4088064340514669
0,1,0.7145091574861981
0,0,0.07567200137351814
1,0,0.4737649344785814
1,1,0.9386984272454916
1,1,0.752118575432115
1,1,0.902904713719341
1,1,0.9950760535963331
0,0,0.2996719581754492
0,1,0.870093940428941
1,1,0.9988930094407088
1,1,0.8920443875695183
0,0,0.3353889878093686
0,0,0.09506721757308213
1,1,0.8855599275067289
1,1,0.9722286990519942
1,1,0.9843351906678879
1,1,0.6461998601364052
0,1,0.7734809399678857
1,1,0.9323704816004175
0,1,0.9997471573763771
0,0,0.31998060159149994
1,1,0.9245304865662212
0,0,0.39754069773949574
1,1,0.9887309781841435
1,1,0.9896520193856261
0,1,0.6491948685882406
0,0,0.17398682376716623
1,1,0.9828536017782011
0,0,0.053142427859966375
1,1,0.9739467683463449
1,1,0.9928520295025299
0,0,0.3402942388642615
1,1,0.94347495511922
1,1,0.9929046719448192
0,0,0.15194087655933894
1,1,0.9998202475920218
1,1,0.9990786583943336
0,0,0.003966803207313234
0,0,0.3805934353908648
0,0,0.11742752533743928
1,0,0.08094419356691458
1,1,0.9696373892115588
0,0,0.47015566222137073
0,0,0.043384429118998084
1,1,0.996759303725597
1,1,0.9864884852228581
1,0,0.3730951330233634
1,1,0.765948537617613
1,1,0.9757380929297094
1,1,0.996494703848228
1,0,0.3672913100755899
0,0,0.027033749815347705
1,1,0.8855599275067289
1,1,0.9975241034122079
1,1,0.8795299937710516
1,1,0.9986166612656021
1,1,0.8301626473181773
0,0,0.0024767361264892537
0,0,0.37750411642461396
0,0,0.03788574082544625
1,1,0.9940886577764245
1,1,0.9837163102862061
1,1,0.9734653036207241
1,1,0.9180995530539003
1,1,0.9907943579892672
0,0,0.005946825398830212
1,1,0.9584610533137692
1,1,0.669821916918251
1,1,0.9985145688479767
0,0,0.037772113276628
1,1,0.6981773500132223
1,1,0.6581089088892188
0,0,0.4133591694002146
0,0,0.049935392400226715
0,1,0.732875998909476
1,1,0.9024055810355136
0,0,0.30679101357208904
0,0,0.38503660564086256
0,0,0.23693631652605307
0,1,0.5436187029211522
1,1,0.996759303725597
1,0,0.44627811032896164
1,1,0.9989074284072331
1,1,0.8790711764457387
1,0,0.38267066799405275
1,1,0.802663478746088
1,1,0.9005789014422874
0,1,0.8696045133093201
1,1,0.843710983789265
1,1,0.9331934306372055
0,0,0.10206166819295083
0,0,0.2894122776269759
0,0,0.005869736213472612
1,1,0.9865873599531256
1,1,0.9984021414494438
1,1,0.9525127109161825
1,1,0.9658174201832649
1,1,0.732875998909476
0,0,0.003435336068209828
1,1,0.9664900626403843
1,1,0.9865873599531256
1,0,0.38545449521084807
1,1,0.9744636716418852
0,0,0.1559225313351826
0,0,0.03590955287297362
1,1,0.8815084230469536
0,0,0.016663924764731407
1,1,0.6504874382474292
0,0,0.1508101344070682
1,1,0.9913101555549648
1,1,0.9545096685716913
1,1,0.8730323608421324
1,1,0.9920220960091088
1,1,0.9990786583943336
0,0,0.23796486016062612
0,0,0.19277826366648806
0,0,0.11639473404865454
1,0,0.448751439439266
0,0,0.07228965833604241
0,0,0.019261383819620993
1,0,0.19919642482511973
0,0,0.42370116820345527
0,0,0.06671780758478836
1,1,0.8855599275067289
1,1,0.9893011897919556
1,1,0.7649286592468305
0,0,0.3086661694196498
1,1,0.9773701154365209
0,0,0.03621553555262105
1,1,0.9941219447927596
0,1,0.5713515215575719
0,1,0.5968532247140763
1,1,0.9311749804746109
1,1,0.9976941124712991
0,0,0.10114853326301987
1,1,0.9725808970910168
0,0,0.3836924529311955
1,1,0.9948793123366003
1,0,0.45059381608500454
0,1,0.8283040374222125
1,1,0.9203692976432407
0,1,0.6262539530842021
1,1,0.9987706007437336
1,1,0.9998202475920218
1,1,0.9272323975288678
0,1,0.9997868114610065
1,1,0.7102946546087838
1,1,0.8539860451334652
1,1,0.7729335049334771
1,1,0.9868339488296043
0,1,0.9106666373941757
1,1,0.7490771169077037
0,0,0.13666527735641595
0,0,0.020216668698376114
1,1,0.832005218335025
1,1,0.941650879180239
0,0,0.003966803207313234
0,0,0.03545790896615168
1,1,0.9950113234490152
1,1,0.9570428246355066
1,1,0.991917544662049
0,0,0.03590955287297362
1,1,0.998943591793622
0,1,0.7529236836661327
0,0,0.3383209706534375
1,1,0.9983161552290777
1,1,0.9907943579892672
0,1,0.5062146279372253
1,1,0.9746482803142749
1,1,0.7129880725384287
1,1,0.9943893096068215
1,1,0.9091248673085192
1,1,0.9144031421239094
0,0,0.02388816479244427
1,1,0.9178645083054527
1,1,0.7920617389436475
1,1,0.5487173929679993
0,1,0.8730323608421324
1,1,0.9919629584653378
1,1,0.9320114161519746
1,0,0.2419639838353726
1,1,0.9106666373941757
1,1,0.936393052505093
0,0,0.08235427159070413
0,0,0.06274581540237958
1,1,0.9988784003967983
1,0,0.4183560664835209
1,0,0.4560278712134066
1,0,0.29848116991531526
1,0,0.4006884424576215
1,1,0.9952919646920566
0,0,0.05380676187092561
1,1,0.9864884852228581
0,0,0.1855968214683069
1,1,0.9950113234490152
1,1,0.9965852131752794
0,0,0.13475959596459955
0,0,0.1594087009313672
1,1,0.5827781657313431
0,0,0.2876054292738324
1,1,0.9942733684211448
1,1,0.7455258332576096
1,1,0.9888762873990151
0,0,0.021193372233804526
0,0,0.11473414426726604
0,0,0.3514655214452975
0,0,0.2957401332040899
1,1,0.8767207143072232
1,1,0.7133490176501568
1,1,0.8842230082129104
0,0,0.37034677526641846
1,1,0.9727787366042296
1,1,0.9742777541456007
1,1,0.9659598573222623
0,0,0.3136234037966967
1,1,0.999781142238036
0,0,0.06617180726128533
1,1,0.9853975678939676
0,0,0.27696951093145666
0,0,0.06274581540237958
0,0,0.2355929267036115
0,0,0.08335163665768928
1,1,0.957275752733905
1,1,0.8226315028640137
1,1,0.669821916918251
1,1,0.9988216928076604
0,0,0.16578310065109797
0,0,0.016808776003665895
0,0,0.38577606525418845
1,1,0.9782248512792088
0,0,0.1769629501636332
1,1,0.6156494798601746
1,0,0.4204994842313269
1,1,0.8940094183902624
0,0,0.03531035188170777
0,0,0.26573535299686407
0,0,0.3944014078149636
1,1,0.9989900865622885
1,1,0.8759137942754448
1,1,0.9543984414531712
1,1,0.9184240337301157
1,1,0.9331934306372055
1,0,0.16883793829710161
1,1,0.9178645083054527
0,0,0.05041212240189612
1,1,0.9497264498325336
1,1,0.9561891445473928
0,0,0.003480565408924434
1,1,0.9955974402059209
0,0,0.37268251696422416
1,0,0.32254665739272403
0,0,0.1160740486901033
1,1,0.9992288319997038
1,1,0.9985034852405636
1,1,0.9907943579892672
1,1,0.9644468235084439
0,0,0.3652481670519436
1,1,0.9920220960091088
1,1,0.8444585607455659
1,1,0.962805986367316
0,0,0.12521479951782996
1,1,0.7706216556336375
0,1,0.9988216928076604
1,1,0.987818883640671
0,1,0.6187505245636927
1,1,0.9506995664696749
1,1,0.8482776847725843
0,0,0.12190405071104951
1,1,0.9934384836395824
1,1,0.9957905856309633
0,0,0.016593232838557057
0,0,0.1266595886762311
1,1,0.8957782354253906
1,1,0.9964018042223074
0,1,0.7765234655761505
1,1,0.9998003504541535
1,1,0.9953267223975811
0,0,0.026351784097423274
0,1,0.767280559249213
1,1,0.9639940114330198
0,0,0.020131213823208316
0,1,0.7911246185334464
1,1,0.7529236836661327
0,0,0.053142427859966375
0,0,0.015555629363363821
1,1,0.984219979040385
1,1,0.9769504170907978
1,1,0.9997753222899541
1,1,0.9618544242658131
1,1,0.8993975054547774
1,1,0.8108475229279075
0,0,0.019763579605345482
1,1,0.9588575083281586
0,0,0.24517873639168766
1,1,0.8141877478029108
1,1,0.9989767573406357
1,1,0.9914374880997402
1,1,0.997042941447177
1,1,0.6013699119300541
1,1,0.9985904373018059
0,0,0.14583640135459014
1,1,0.5425459463166518
1,1,0.9990786583943336
0,0,0.012646333920452722
0,0,0.022310296012481277
1,1,0.7732430388387564
0,0,0.13666527735641595
1,1,0.9542623805991228
1,1,0.9980294806572038
1,1,0.9207846222951895
1,1,0.802663478746088
0,0,0.14583640135459014
1,0,0.3944014078149636
1,1,0.9978402656872045
1,1,0.7379835624778777
0,1,0.6125390065570249
1,1,0.996494703848228
0,0,0.16295776743320262
0,1,0.5291512711446451
0,0,0.1039623287285646
1,1,0.9968014260136875
1,1,0.7628060167734482
0,0,0.43517275734128397
1,1,0.6898156115938644
1,1,0.9989357059470192
1,1,0.990481884842009
1,1,0.7765234655761505
1,1,0.9915956678696458
0,0,0.08062316876822409
0,0,0.1962135339922644
0,0,0.008791220199530735
1,1,0.8655780088401652
1,1,0.6972655766749078
1,1,0.6169927291670875
1,1,0.9990786583943336
1,1,0.8187687892567623
1,1,0.9897100306971478
0,0,0.017248150357355642
1,1,0.7742374910813976
0,0,0.29692461460997255
1,1,0.9525127109161825
1,1,0.8035616844202126
1,1,0.9882836980784147
1,1,0.9952919646920566
0,0,0.22299414085085253
1,1,0.9968840403131942
1,1,0.998714014213436
1,1,0.9603831270062699
0,0,0.05778974075767668
1,1,0.9989632523774195
1,1,0.9987706007437336
1,1,0.7920617389436475
1,1,0.972731973112192
1,0,0.24092361984903196
1,1,0.996494703848228
0,1,0.6870001989671739
0,0,0.008237403414791504
1,1,0.606290681356499
1,1,0.9877503426510629
0,1,0.6052582688397564
1,1,0.9095930779827923
1,1,0.7706216556336375
0,0,0.19007756331000564
0,0,0.09199373476336807
0,0,0.104492677088771
1,1,0.9837163102862061
0,0,0.0028603277448089924
1,1,0.9575792081210092
1,1,0.8945464740396184
1,1,0.9998178731538345
0,1,0.8128524043954113
1,1,0.8624942438511274
0,1,0.5324201654002287
1,1,0.8490073270754374
1,1,0.6710769919700404
0,0,0.01747204963806725
1,1,0.9946445787785185
1,1,0.9984434762641826
1,1,0.9603831270062699
0,0,0.04190445586283712
1,1,0.9961586823943323
0,0,0.20249805872007723
0,0,0.013846449168602436
0,0,0.3501718310119714
0,0,0.07385620215934817
1,1,0.5831081569655082
1,1,0.9915956678696458
0,0,0.08493682487781772
1,0,0.48794931719989143
1,1,0.9655256267148101
1,0,0.4832517952097946
1,1,0.8245385103777619
0,0,0.02358401842127319
1,1,0.9494545369281362
1,1,0.998634674850593
1,1,0.867097868249014
0,0,0.15249877069981357
0,0,0.2140297483466832
1,1,0.9500807291409852
1,1,0.9939323798336761
1,1,0.7765234655761505
1,1,0.8577573130692545
1,1,0.7765234655761505
1,1,0.9984021414494438
1,1,0.9670938129291945
0,0,0.09533612558059962
1,0,0.30069844659821404
1,1,0.9807450353844945
1,1,0.9806039391641405
1,0,0.45384518499957144
1,1,0.9188486095872461
1,1,0.9977829476711769
1,1,0.9222721005147094
0,0,0.050205573007656504
1,1,0.6391790504664908
0,0,0.48980963008114553
1,1,0.9340070744192851
1,1,0.9982021483148281
1,1,0.8624942438511274
0,0,0.188726167786369
0,0,0.1039623287285646
0,0,0.08562346317122217
1,1,0.964894148389403
1,0,0.4625469564121748
1,1,0.9650860570877903
1,1,0.9998202475920218
0,0,0.24171511564839596
1,1,0.8187687892567623
1,1,0.9556359989121206
1,1,0.9340070744192851
0,0,0.0958271748151538
1,1,0.8461747736406364
1,1,0.9952919646920566
0,0,0.25752611104020917
1,1,0.966248103912511
1,1,0.5094951521680844
0,1,0.606290681356499
1,1,0.9987956014118017
1,1,0.9978402656872045
1,1,0.9739467683463449
0,1,0.5968532247140763
1,1,0.9813388648433959
1,1,0.6610559825966887
0,0,0.15765778391584898
1,1,0.9921695613079969
1,1,0.9076729991769548
0,0,0.17068785987648058
0,1,0.9997632140903676
1,1,0.9123260171539562
1,1,0.7529236836661327
1,1,0.9909643103596835
1,1,0.9995726480041436
1,1,0.8828725364006903
0,0,0.22170683307114736
1,1,0.9990032423247183
1,1,0.9851244823542966
1,0,0.36961909343300225
1,1,0.9758722047289811
0,1,0.9998029532956114
0,0,0.10234812312842498
1,1,0.9635356503019724
1,1,0.9567357056102372
1,1,0.9793155507027861
0,0,0.355177745069652
0,0,0.16159785228863227
0,0,0.003053746321318288
1,1,0.9989495693603937
1,0,0.48359075112825756
1,1,0.9306963136166195
1,1,0.9982939463957221
1,1,0.996056912549015
0,0,0.015421407851112245
1,1,0.9458303585966025
1,1,0.9983161552290777
1,1,0.9990786583943336
1,1,0.8655780088401652
1,1,0.9924270528154672
1,1,0.9899739626871615
1,1,0.9917043480618868
1,1,0.9980034983315873
1,1,0.9158636495706328
1,1,0.9976017262843103
1,1,0.8047342155794973
1,1,0.9648343295853739
0,0,0.025794983752906217
0,0,0.13208548249159643
0,0,0.01402682102375171
1,1,0.9200518809963563
0,0,0.053428984636642717
1,1,0.9925670888904403
1,1,0.5809668365160402
0,0,0.0671828764843532
1,1,0.9988720182941646
1,1,0.999781142238036
0,0,0.04978749548244123
1,1,0.9259532826875959
1,1,0.9245304865662212
1,0,0.25752611104020917
1,1,0.7302986177767873
0,1,0.717178994297654
1,1,0.994974231794854
1,1,0.9005789014422874
1,1,0.978931155013015
0,0,0.2787356843121294
0,0,0.23089830941187553
1,1,0.8264293405037616
1,1,0.9979505035113935
1,1,0.9824055600522487
1,1,0.7405135975921033
0,0,0.4408660760531916
1,1,0.8897967618134794
1,1,0.9998029532956114
1,1,0.9731241518504448
1,1,0.9948120093151643
1,1,0.8128524043954113
1,1,0.9302145671986041
1,1,0.9991435260177497
1,0,0.2957401332040899
0,0,0.26830424075567666
0,0,0.07497525786425861
0,1,0.7553572798213336
1,1,0.5573817718177937
0,0,0.0141301585019029
1,1,0.8512305241850365
0,0,0.4920094638555109
1,1,0.9542623805991228
1,1,0.8148408881119475
0,0,0.4038444039531122
1,0,0.2957401332040899
1,1,0.8179243620343402
1,1,0.8988823625785999
1,1,0.927733131270129
1,1,0.9987379420177451
0,0,0.13941721630179002
1,1,0.91381862552298
0,1,0.6916958775179557
1,1,0.8876281212690356
1,1,0.9889578842278863
0,0,0.10950845255247452
1,1,0.9848200123041569
1,1,0.9106666373941757
1,1,0.9943156031025563
1,1,0.9766529981559756
1,1,0.9997723545464189
0,0,0.13784987247576191
1,1,0.9360538793342863
1,1,0.9989216597640695
1,1,0.8609301814829144
1,1,0.9344644846838241
1,1,0.8881934672670667
0,0,0.02388816479244427
1,1,0.9413379860769191
0,0,0.1032708433298929
0,0,0.002444519373180695
1,1,0.8815084230469536
0,0,0.08982434469989353
0,0,0.4204994842313269
1,1,0.9852074958879128
1,1,0.994011025457438
1,1,0.7820156789712621
0,0,0.121570274734395
0,1,0.5062146279372253
1,1,0.994974231794854
1,1,0.9245304865662212
1,1,0.9973018213466317
0,0,0.010964795972618258
1,1,0.9987706007437336
0,0,0.31806833401933027
1,1,0.9772441354663337
1,1,0.7118242445132328
1,1,0.8264293405037616
1,1,0.9289838583011274
1,1,0.9872646413638971
1,1,0.9776586079454826
1,0,0.46362184572478005
1,1,0.5403605107407691
0,0,0.002974861536338539
0,0,0.31930169780180995
1,1,0.9886675105116426
1,1,0.9880639333464989
1,1,0.975425424335236
1,1,0.9786587360971257
1,1,0.9969869744759713
1,1,0.9916428750008028
1,1,0.9962578354602515
0,0,0.03682951067971156
1,1,0.9005789014422874
1,0,0.20249805872007723
0,1,0.9997753222899541
1,0,0.1491369061616302
0,0,0.026462931508619253
1,1,0.7845432550131288
1,1,0.9905518165085212
0,0,0.2887706892136082
1,1,0.7000289705696393
1,1,0.9987706007437336
1,1,0.9095930779827923
1,1,0.5616820320104406
1,1,0.8128524043954113
1,1,0.783282132333204
0,1,0.9985656622983206
1,0,0.3221612162133262
0,0,0.09968092091241873
0,0,0.4038444039531122
0,0,0.033564947661214324
0,0,0.16963658432634038
0,0,0.0025093764020217455
1,1,0.9795797603917143
0,0,0.09346163701316848
0,0,0.27960564516061476
0,0,0.2807512665959904
0,0,0.09394403390150036
1,1,0.9990541754036983
0,0,0.23693631652605307
1,1,0.9998154673563113
1,1,0.8374372079450197
1,1,0.9761793276426217
1,1,0.8868833838387831
0,0,0.13359744167846838
1,1,0.8168130052473578
0,0,0.0229870211869999
1,1,0.9893797032678032
1,1,0.9952919646920566
1,1,0.8256130045425443
1,1,0.9835047205864631
1,1,0.9998154673563113
1,1,0.9998202475920218
0,0,0.01125315955193187
0,0,0.4261456689838538
1,1,0.9119796053373037
0,0,0.05431833848028511
1,1,0.9232078107397997
1,1,0.7615303001451758
0,0,0.018876620948374962
1,1,0.9178645083054527
0,0,0.1594087009313672
0,1,0.6898156115938644
0,0,0.06352214748395221
1,1,0.9575074738962243
1,1,0.9981300786113295
0,0,0.31269354240731223
0,0,0.003390692475061666
0,1,0.8894902683193134
1,1,0.6870001989671739
0,0,0.2500692973954357
1,1,0.8759137942754448
1,1,0.989240898632412
1,0,0.22170683307114736
1,1,0.9348115009810352
1,1,0.9790479956231849
1,1,0.9871706944635917
1,1,0.7729335049334771
1,1,0.902904713719341
0,0,0.45384518499957144
1,1,0.9989357059470192
1,1,0.9983161552290777
0,0,0.48980963008114553
1,1,0.9988635987754916
0,1,0.802663478746088
1,1,0.9785026870286089
1,1,0.9941322466843108
1,1,0.9858745752586011
1,0,0.43118352638737417
1,1,0.7021253908589931
0,0,0.17068785987648058
1,1,0.9984837434173711
1,1,0.8444585607455659
1,1,0.8382090396168984
1,0,0.447346661240812
1,1,0.9509651275553892
1,1,0.9168695527814661
1,1,0.9650860570877903
1,1,0.9608795068041615
0,0,0.021624316733684222
1,1,0.9639940114330198
1,1,0.6000073923047792
1,1,0.8969972657655098
1,1,0.9858745752586011
1,1,0.9938070553027578
1,1,0.9734653036207241
1,1,0.9865873599531256
0,0,0.017027070558486134
1,1,0.9406089796713539
1,1,0.9987866121925764
0,0,0.45851049143236566
0,0,0.005644379135219405
0,0,0.14513022201273057
0,0,0.45384518499957144
1,1,0.9689490096151212
0,0,0.006954216729733893
1,1,0.9853975678939676
1,1,0.9657725812324998
1,1,0.9865873599531256
1,1,0.8427267590809823
1,0,0.42016876966077704
0,0,0.2948405176803708
0,0,0.026803186015536655
1,1,0.9990786583943336
1,1,0.9250483099856532
1,1,0.9879081420988578
1,1,0.9323704816004175
1,1,0.9982154597192229
1,1,0.9974727760224698
0,0,0.31240190727918177
0,0,0.02358401842127319
1,1,0.9947047564239382
0,0,0.17398682376716623
1,0,0.4430369768084994
1,1,0.9881514177142575
1,1,0.927733131270129
1,1,0.9751088291021529
1,1,0.987818883640671
1,1,0.9858745752586011
1,1,0.8519484445168719
1,1,0.709124360542023
1,1,0.9997078967896668
1,1,0.722473037573032
0,1,0.5338340408145419
1,1,0.9675089557478991
1,1,0.833831800527995
1,1,0.9998178731538345
0,0,0.007422408015643323
1,1,0.8707346546223352
1,1,0.9956222686194779
0,1,0.6669126574455828
1,0,0.47997489846339436
1,0,0.42935849119466646
0,0,0.1855968214683069
1,1,0.8067884537668882
1,1,0.9956222686194779
1,1,0.9924270528154672
1,1,0.6775276029792985
1,1,0.905181845488775
1,0,0.08302192643737509
1,1,0.9953873790842094
0,0,0.30800039854590977
1,1,0.9990032423247183
1,1,0.9776586079454826
1,1,0.9797281529580852
1,1,0.992327767429788
1,1,0.9949457466820233
1,1,0.6249234388913723
1,1,0.976046881051989
1,1,0.9272323975288678
1,1,0.9988635987754916
0,0,0.13666527735641595
1,1,0.890352545079062
1,1,0.9376073010217577
1,1,0.9989296495738196
1,1,0.8868833838387831
0,0,0.36221056877972035
1,1,0.9315381388708267
1,1,0.994974231794854
0,0,0.002444519373180695
0,0,0.015421407851112245
1,1,0.9929046719448192
0,1,0.6521781702430801
0,0,0.16475603233975883
1,1,0.6218419175864937
0,0,0.00482580945718955
1,1,0.9148467050673842
0,1,0.6461998601364052
0,0,0.011400140240040872
1,1,0.9832904281990862
0,0,0.009504693776528818
0,1,0.522606254591313
0,0,0.02471930028360416
0,0,0.04177929871151778
0,0,0.0639664672164146
1,1,0.7430277094045845
1,1,0.7641504159764789
1,1,0.7920617389436475
1,1,0.9979299410032777
1,1,0.9281130487029017
0,0,0.46362184572478005
1,1,0.5174719788573988
1,1,0.8005762242206641
1,1,0.9184240337301157
1,1,0.9772441354663337
0,0,0.10206166819295083
1,1,0.9773701154365209
1,1,0.953356138257564
1,1,0.9331934306372055
0,0,0.1594087009313672
0,0,0.018635063871535868
1,1,0.6803885810947825
1,1,0.8427267590809823
1,1,0.9993665612407245
1,1,0.7787929065349525
0,0,0.1413780005239132
0,0,0.11415844213585788
1,1,0.9974727760224698
1,1,0.9117286857097701
0,0,0.104492677088771
1,1,0.7984724355203551
1,1,0.808826214871534
1,1,0.9912610855446503
0,0,0.04213311125972298
1,1,0.9666297937537685
1,1,0.941650879180239
1,1,0.669821916918251
1,1,0.8427267590809823
0,0,0.06698749834357998
1,0,0.4920094638555109
1,1,0.99849497301787
0,1,0.8521708670637577
0,1,0.603153290325291
1,1,0.9995944969705087
1,1,0.9509651275553892
0,0,0.0964741807639211
0,0,0.2640214009213991
0,0,0.002444519373180695
1,1,0.8521708670637577
1,1,0.8461747736406364
0,0,0.03809333960957381
1,1,0.993176760274588
0,0,0.08815672774271828
1,1,0.995564687003552
1,1,0.5010723647875496
1,1,0.9192711699056265
0,0,0.02289012974419402
0,1,0.7262278931580892
0,1,0.6341066189092583
0,1,0.6870001989671739
1,1,0.9957352084558112
1,1,0.9758722047289811
1,1,0.9217367196530776
1,1,0.9824055600522487
1,1,0.9952919646920566
1,1,0.8748224236345805
0,0,0.028207235811370062
1,1,0.7198336535445193
0,1,0.8283040374222125
1,1,0.5272959680260668
1,1,0.9742777541456007
1,1,0.9956222686194779
1,1,0.956499967024235
1,1,0.9813388648433959
0,0,0.017248150357355642
1,1,0.6156494798601746
1,1,0.7942152027524895
1,1,0.830962046143093
1,1,0.999165698068879
1,1,0.9912610855446503
1,1,0.9986166612656021
1,1,0.8787389184869492
0,0,0.1769629501636332
1,1,0.7935077437257577
0,0,0.11639473404865454
0,0,0.31118301133401155
0,0,0.3024337872542665
1,1,0.9924696255216874
1,1,0.5389493341522548
1,1,0.9969245462884686
0,0,0.1553544078752058
1,1,0.9570985918114987
0,0,0.4938703263313493
1,1,0.9707754587185996
1,1,0.9985422022326536
0,0,0.20411836904905512
0,1,0.5606174167291886
0,0,0.0885048619138289
1,1,0.771935000772235
1,1,0.992956929443121
0,0,0.13784987247576191
1,1,0.9574032495184477
1,1,0.8900474063043846
1,1,0.9977829476711769
1,1,0.9158636495706328
0,0,0.09457965524980733
1,1,0.5422090548737454
1,1,0.9768221560787304
0,0,0.06671780758478836
1,1,0.9949081699485981
1,1,0.9686830815975339
1,1,0.9990786583943336
1,1,0.9843351906678879
1,1,0.8444585607455659
1,1,0.9503494495590957
1,1,0.6669126574455828
1,1,0.9833835041207732
0,0,0.024823737702529356
0,0,0.20748044640690427
0,0,0.07997312210895723
0,0,0.01806000030726813
0,0,0.16475603233975883
0,0,0.14622571059764572
1,1,0.8528850338178776
1,1,0.5501236282825668
1,1,0.9986970460363072
0,1,0.9997632140903676
1,1,0.9951673438815715
1,1,0.9994864860556609
0,1,0.7984724355203551
1,1,0.9825034771762856
0,0,0.050205573007656504
0,0,0.3819334595129907
1,1,0.7601756530104969
0,0,0.4088064340514669
1,0,0.2754810843520867
1,1,0.8988823625785999
1,1,0.9874286179585522
0,0,0.04351417635897405
0,0,0.14747901819436557
1,1,0.998886710373502
0,0,0.11079496741936262
0,0,0.22912661765212045
1,1,0.9623330924568283
0,0,0.0036198447166504682
0,0,0.4977910349630137
1,1,0.9917509498148027
1,1,0.9990786583943336
1,1,0.9875905097788608
0,0,0.05104416483740453
1,1,0.9859534625487603
1,1,0.676845158105663
0,0,0.024823737702529356
1,1,0.9939665415166078
1,1,0.9340070744192851
0,0,0.009141062821907268
1,1,0.8801305796948278
1,1,0.9942409339386405
1,1,0.9688549463779016
1,1,0.7339865796460656
0,0,0.47669972381994025
0,0,0.2996719581754492
1,1,0.9988334076365699
1,1,0.9311749804746109
1,1,0.9962085818110393
0,0,0.4183560664835209
1,1,0.8117172157704321
0,0,0.0032178263217761184
0,1,0.5873435184767087
1,1,0.9106666373941757
0,0,0.0729634131819012
1,1,0.8834586665754173
1,1,0.9444695449279887
1,1,0.9289838583011274
0,0,0.024823737702529356
1,1,0.9458303585966025
1,1,0.9948951917894393
1,1,0.9462105387710634
1,1,0.9915333963340822
1,1,0.8781323253510807
1,1,0.8312097507067796
1,1,0.902904713719341
1,1,0.7504738762095161
1,1,0.9907943579892672
1,1,0.9311749804746109
0,0,0.03123263465978054
0,0,0.23379616314077833
1,1,0.9331934306372055
1,1,0.9877503426510629
1,1,0.9731241518504448
1,1,0.8631665461316286
1,1,0.9988784003967983
1,1,0.9861340843732987
1,1,0.6954043206532361
0,0,0.009381918943121589
1,0,0.3778231315582856
1,1,0.9904985053361381
1,1,0.8512305241850365
0,1,0.6401754880799728
1,1,0.6581089088892188
1,1,0.9966733932865633
1,1,0.9841315129562445
0,0,0.0765951945924991
0,0,0.002444519373180695
1,1,0.9752463310205981
0,0,0.37750411642461396
1,1,0.7198336535445193
1,1,0.9423678801869569
1,1,0.9989216597640695
1,1,0.9957352084558112
0,0,0.05637686651983026
0,0,0.004520660667669572
1,1,0.9915956678696458
1,1,0.9826310000035982
0,0,0.008345326922799356
0,0,0.027934312579957463
0,0,0.020278598243885095
0,1,0.7480079080498602
1,1,0.8963073679947914
1,1,0.9356067979434932
0,0,0.11036977169194848
0,0,0.007718203526768724
1,0,0.07924017138788261
1,1,0.9832904281990862
1,1,0.8215426088739783
1,1,0.9521748226633879
1,1,0.798974312398641
0,0,0.03590955287297362
1,1,0.9858745752586011
1,1,0.9561891445473928
1,1,0.9957905856309633
1,1,0.9855043084466355
0,0,0.012575601649024921
1,1,0.9982939463957221
1,1,0.9989495693603937
1,0,0.4408660760531916
0,1,0.7529236836661327
1,1,0.997042941447177
0,1,0.6898156115938644
1,1,0.9631199197960433
1,1,0.9971193357976731
0,0,0.29301375436369714
1,0,0.4832517952097946
0,1,0.7288297311580694
0,0,0.07965561478714979
0,0,0.11820130690714739
0,0,0.2921189922348559
0,0,0.42796728973231485
0,0,0.014394540895369828
1,1,0.9923708939962581
1,1,0.9990664970850345
1,1,0.9567357056102372
1,0,0.447346661240812
1,1,0.6013699119300541
1,1,0.6208247810221021
0,1,0.8198708973375194
1,1,0.9961081288096565
0,1,0.5029335684897756
1,1,0.9963544385283416
1,1,0.9783828726029067
0,0,0.032960240049245755
1,1,0.9982486476531268
0,0,0.2728691073196614
1,1,0.9994931786892606
1,1,0.9997923338607022
0,1,0.550896118184577
1,1,0.9944209131415381
1,1,0.9872646413638971
1,1,0.9998003504541535
1,1,0.7430277094045845
1,1,0.7368836868731201
1,1,0.9969245462884686
1,1,0.9895936844650093
1,0,0.30707975002783783
1,1,0.9989632523774195
0,0,0.447346661240812
1,1,0.9839252302245594
1,1,0.9904281828946487
0,0,0.47811693377854964
1,1,0.9601664350436759
0,0,0.019958312362075143
1,1,0.9888762873990151
1,1,0.9550761975070822
1,1,0.9749274878276297
1,0,0.22397992651321857
0,0,0.20411836904905512
1,1,0.976046881051989
0,0,0.08910730131974202
1,1,0.6371465157037023
1,1,0.8759137942754448
0,0,0.022025785898109437
1,1,0.7935077437257577
1,1,0.8047342155794973
1,1,0.9947438263796282
0,0,0.4832517952097946
1,1,0.9949457466820233
0,0,0.16760630058950304
1,1,0.5215275790287657
0,0,0.12110935896752897
1,1,0.6870001989671739
1,1,0.8881934672670667
1,1,0.9990786583943336
1,1,0.9315381388708267
1,1,0.9095930779827923
0,1,0.5735059066426187
1,0,0.3514655214452975
0,0,0.3324696470520044
0,0,0.0026791270170220868
1,1,0.8730323608421324
0,0,0.2876054292738324
0,0,0.05707919682174831
1,1,0.9956791059244319
1,1,0.7036801191122987
1,1,0.9764826353972447
1,1,0.9471596902565041
1,1,0.5454651658109888
0,0,0.018161012573907943
1,1,0.9866623203571583
1,1,0.9839252302245594
1,1,0.9394493754316038
0,0,0.015555629363363821
1,1,0.9613699173755036
0,0,0.04035177157788505
0,0,0.06698749834357998
0,1,0.6401754880799728
1,1,0.941650879180239
0,0,0.027849667575438924
1,1,0.9983380754365883
1,1,0.5598482882440099
0,1,0.999808057640241
0,0,0.12680980691172988
1,1,0.9690788153508466
1,1,0.9924270528154672
1,1,0.6482096824627267
0,0,0.28340928605143284
1,1,0.9993665612407245
1,1,0.902904713719341
1,1,0.8047342155794973
0,0,0.02065561075881877
1,1,0.6249234388913723
1,1,0.767280559249213
1,0,0.29030214908412755
0,0,0.2941918776730937
1,0,0.24517873639168766
0,0,0.41973894993735456
1,1,0.6491948685882406
1,1,0.9490960516146129
0,0,0.1941517307841908
1,1,0.9945646772033089
1,1,0.9987379420177451
0,0,0.00781937829597812
0,1,0.7855018969824368
1,1,0.9924270528154672
1,1,0.9672311118572204
1,1,0.9158636495706328
0,0,0.004520660667669572
0,1,0.6262539530842021
1,0,0.48139288818637394
1,1,0.6293209530646031
0,0,0.2996719581754492
0,0,0.08770117183372211
1,1,0.9914855760974721
1,0,0.3561684739429857
1,1,0.8993975054547774
1,1,0.9928116030451495
1,1,0.8874520015513903
0,0,0.38503660564086256
1,1,0.9941219447927596
1,1,0.9986873222002085
1,1,0.995564687003552
1,1,0.92267833460008
1,0,0.2606448981342732
0,0,0.09346163701316848
1,1,0.8863122613623281
1,1,0.9974394720883081
1,1,0.9921253056593492
0,0,0.37750411642461396
1,0,0.10519138399324435
0,0,0.022404789359760358
1,0,0.3912708079708622
0,0,0.017099578619688312
0,0,0.07446055258137206
1,1,0.9985611840126101
0,1,0.6239095778995821
0,0,0.20841604647639736
1,1,0.9198219498933217
0,0,0.16159785228863227
0,0,0.30587238217395174
1,1,0.8957782354253906
0,0,0.09697046347346389
0,0,0.03601778712532595
0,0,0.032446290176066414
1,1,0.92832105581371
1,1,0.9989357059470192
1,1,0.9406089796713539
0,0,0.48653013295047287
1,1,0.802663478746088
0,0,0.07436706556227889
1,1,0.833831800527995
0,0,0.24171511564839596
1,1,0.9989074284072331
1,1,0.9989900865622885
0,0,0.30679101357208904
1,0,0.22757560379346806
1,1,0.7529236836661327
0,0,0.09126111012985588
0,0,0.15633383749261667
1,1,0.9561891445473928
1,0,0.10274598482394644
1,1,0.9938070553027578
1,1,0.9941401590385772
1,1,0.97946582301658
1,0,0.4101800119624223
1,1,0.8809138065064666
1,1,0.9910307296377243
1,1,0.7780472448047567
0,0,0.1948290076205151
1,1,0.6249234388913723
0,0,0.41592386305658685
1,1,0.9997632140903676
1,1,0.8809138065064666
0,0,0.07537017134369353
1,1,0.9458303585966025
1,0,0.37750411642461396
0,0,0.017248150357355642
1,1,0.6639906230006533
1,1,0.802663478746088
0,0,0.002444519373180695
1,1,0.9783828726029067
0,0,0.015421407851112245
0,0,0.33959375896018557
0,1,0.5454651658109888
0,0,0.02318554001412145
0,0,0.01754641877314547
1,1,0.9909133053240968
1,0,0.48139288818637394
1,1,0.9696373892115588
1,1,0.9986700022993967
1,1,0.5487173929679993
0,1,0.9986566487738069
1,1,0.626984357228132
1,1,0.9133702144268319
1,1,0.9824055600522487
0,0,0.4920094638555109
0,0,0.02968259165624343
1,1,0.994011025457438
1,1,0.9783828726029067
1,1,0.7898917015669282
1,1,0.9941401590385772
1,1,0.9988635987754916
1,1,0.9323704816004175
0,0,0.2419639838353726
1,1,0.9997504535256516
1,1,0.9969245462884686
1,1,0.9838070530193292
0,0,0.0028603277448089924
1,1,0.7405135975921033
1,1,0.9778206453046167
0,0,0.4151656755795612
1,1,0.5193306914963889
0,0,0.42293906945549625
0,0,0.36961909343300225
1,1,0.7787929065349525
1,1,0.7118242445132328
1,1,0.9684564407767535
0,1,0.606290681356499
1,1,0.9401917105704749
1,1,0.9937257481037979
1,1,0.9232078107397997
0,0,0.015421407851112245
0,1,0.6841709319594019
1,1,0.9889578842278863
1,1,0.9515735600353987
1,1,0.9635356503019724
0,0,0.23089830941187553
0,0,0.12297892338587808
0,0,0.04057231339226603
0,0,0.37750411642461396
1,1,0.725097052466242
1,1,0.5936910276503774
0,0,0.08039207273825019
1,1,0.8649157005445172
1,1,0.9758722047289811
0,0,0.022598396262413206
0,0,0.18362109288406187
0,0,0.3491887357687818
1,1,0.9875905097788608
1,1,0.9776586079454826
1,1,0.995506351417736
1,1,0.9913740547335305
1,1,0.9935234891988433
0,0,0.2822570748256234
0,0,0.23693631652605307
1,1,0.8495606894272887
0,0,0.27434876526483226
1,1,0.7787929065349525
1,1,0.9997895907738721
0,0,0.09762435522384226
0,0,0.39304545765000864
0,0,0.16338403953966424
1,1,0.9920808018854227
1,1,0.8117172157704321
0,0,0.15864900755519656
1,1,0.8108475229279075
1,1,0.9963064516362333
1,1,0.7803055895114764
1,1,0.8730323608421324
1,1,0.953356138257564
1,1,0.6310560017412638
0,0,0.046191192835000956
1,1,0.9926218142316994
1,1,0.9281130487029017
0,0,0.007519734706915115
1,1,0.7430277094045845
1,1,0.9952919646920566
1,1,0.9702371790061035
1,1,0.9843351906678879
1,1,0.9821772470885347
1,0,0.3819334595129907
1,1,0.9423678801869569
1,0,0.3944014078149636
0,0,0.11153056712489555
0,0,0.06781251417606367
1,1,0.9545096685716913
1,1,0.9853975678939676
1,1,0.9990487925398794
1,1,0.9917509498148027
1,1,0.7379835624778777
1,1,0.9437771307735141
1,1,0.9943893096068215
1,1,0.8495606894272887
0,0,0.42370116820345527
0,0,0.23222306218622255
1,0,0.36393221352508875
0,0,0.007618327804005567
1,1,0.9817118608166338
1,1,0.8913253352385877
1,1,0.9990786583943336
1,1,0.9046931831087631
0,0,0.039562704962350245
0,0,0.08562346317122217
1,1,0.7504738762095161
0,0,0.02419613632552224
1,1,0.8868833838387831
0,0,0.009141062821907268
1,1,0.9938070553027578
1,1,0.9787770546969996
1,1,0.9557681629145062
1,1,0.9471596902565041
0,1,0.7405135975921033
1,1,0.9987543782768065
0,1,0.608389823206534
1,1,0.5799140293152589
1,1,0.9766529981559756
1,1,0.9989709343300468
1,1,0.9989767573406357
1,1,0.9564264908309055
1,1,0.9998029532956114
1,1,0.9458303585966025
0,1,0.808826214871534
0,0,0.08770117183372211
1,0,0.08291865340595996
1,1,0.8505097334249896
0,0,0.018161012573907943
1,1,0.9905518165085212
1,1,0.988217741321869
1,1,0.8283040374222125
1,1,0.8894902683193134
1,1,0.9936902316937875
1,1,0.7765234655761505
0,1,0.7405135975921033
0,1,0.5324201654002287
0,0,0.06146857485706154
0,0,0.1342563174876442
0,1,0.5905210438215074
0,0,0.13822131174988955
1,0,0.1089557442063036
1,1,0.9148467050673842
1,1,0.990604831398769
0,0,0.18362109288406187
0,0,0.012905775083209229
1,1,0.8969972657655098
1,1,0.9952919646920566
1,1,0.9863124158586893
0,0,0.3544630895702802
0,0,0.05431833848028511
1,1,0.7625603459284828
1,1,0.996759303725597
1,1,0.902904713719341
1,1,0.9678768610324218
0,0,0.2606448981342732
1,1,0.9979771741098209
1,1,0.8744801588616613
1,1,0.9982714451492708
1,1,0.9975056478667068
0,0,0.38267066799405275
1,1,0.999016226880745
1,1,0.9944209131415381
1,1,0.8855599275067289
1,1,0.9890197437219272
1,1,0.6944878359562162
1,1,0.5809668365160402
1,1,0.9576343097866956
1,1,0.9437771307735141
1,1,0.9978402656872045
1,1,0.9952919646920566
1,1,0.8207082758338305
0,0,0.07567200137351814
1,1,0.995952457422236
0,0,0.31930169780180995
1,1,0.9989296495738196
0,1,0.522606254591313
1,1,0.9583365848724275
1,1,0.9952919646920566
1,1,0.8148408881119475
1,1,0.6266668603151148
0,0,0.11153056712489555
0,0,0.4088064340514669
0,0,0.01782870332582415
0,0,0.005869736213472612
0,0,0.19162236949017258
1,1,0.9843351906678879
1,1,0.9879081420988578
1,1,0.9976329248404251
1,1,0.9848200123041569
0,0,0.34847961836062324
1,1,0.8528850338178776
0,0,0.005287745026715476
1,1,0.5029335684897756
1,1,0.8264293405037616
1,1,0.9850149874400572
1,0,0.3312101685193977
1,1,0.9717164063650301
1,1,0.9951123974669805
1,1,0.6775276029792985
1,1,0.8198708973375194
1,1,0.8982036580372734
1,1,0.9875905097788608
0,0,0.1325818695132009
1,1,0.9889578842278863
0,0,0.023656014089060876
0,0,0.3136234037966967
1,1,0.9464989196244509
0,0,0.3196853313056721
1,1,0.9938070553027578
1,1,0.9963064516362333
1,1,0.7365414313841198
1,1,0.9991765680918843
1,1,0.9781035229986774
1,1,0.9968014260136875
0,0,0.005946825398830212
1,1,0.9952919646920566
1,1,0.7855018969824368
1,1,0.9974057304140368
0,1,0.5831081569655082
1,0,0.47669972381994025
0,0,0.3652481670519436
0,0,0.2581234744294355
1,1,0.9985611840126101
1,1,0.9997504535256516
1,1,0.9561891445473928
1,1,0.6208247810221021
0,1,0.6218419175864937
0,1,0.7354376723016417
0,0,0.2840437198077988
1,1,0.732875998909476
0,0,0.23323739939984725
1,1,0.9432439605419527
1,1,0.6474974731249435
0,1,0.9997569175061419
1,1,0.9949081699485981
0,0,0.25895219965858385
1,1,0.9864125612851161
1,1,0.9941981477076239
0,1,0.9983861028768816
0,1,0.7277056080299026
1,1,0.9749274878276297
1,1,0.9970039901365138
1,1,0.985770521837321
1,1,0.9998202475920218
0,0,0.0035263881281164156
1,1,0.94845817759998
0,0,0.3544630895702802
0,0,0.00482580945718955
1,1,0.9331934306372055
1,1,0.9996712823997174
1,1,0.8128524043954113
1,1,0.8444585607455659
1,1,0.9289838583011274
1,1,0.9856906220381098
1,1,0.9971567917687515
1,1,0.8399811418080001
0,1,0.5018528125453431
1,1,0.808826214871534
0,0,0.010275470830112985
1,1,0.987098553863
1,1,0.8715703158750235
1,1,0.9949614211627251
1,1,0.9988486020440475
1,1,0.9992388800846468
1,1,0.8081568532087451
1,1,0.9831676639451399
0,1,0.7504738762095161
1,0,0.1032708433298929
0,0,0.034135577977924776
0,0,0.01688037044309907
1,1,0.8528850338178776
1,1,0.9245304865662212
0,0,0.16159785228863227
0,0,0.015421407851112245
1,1,0.782316318996107
0,0,0.2807512665959904
1,1,0.9941981477076239
0,0,0.14259669780487794
0,1,0.7696160154928903
1,1,0.7553572798213336
1,1,0.9989357059470192
0,0,0.27810850111587665
0,1,0.9997868114610065
1,1,0.976046881051989
1,1,0.9561891445473928
0,0,0.11079496741936262
1,1,0.9294734564752062
0,1,0.6156494798601746
1,1,0.9704007756285437
1,1,0.5855379136227113
1,1,0.936393052505093
0,1,0.5356862788728501
0,0,0.14350936220450555
0,0,0.09917228984404536
1,1,0.966388808868252
1,1,0.9813388648433959
0,0,0.21551420032248994
1,1,0.7877050876325817
0,1,0.6688651115111542
0,0,0.2199854952182874
0,0,0.14622571059764572
0,0,0.038577209631772115
1,1,0.9741350146595307
1,1,0.9106666373941757
1,1,0.9891613702464382
1,1,0.9989900865622885
1,0,0.2592127483149804
1,1,0.9937719962606462
1,1,0.9927173223215874
1,1,0.9973018213466317
0,1,0.7455258332576096
1,1,0.9323704816004175
1,1,0.91381862552298
1,1,0.9966295906257848
1,1,0.9862355163562156
1,1,0.9915333963340822
0,0,0.028207235811370062
1,1,0.7302986177767873
1,1,0.9838070530193292
1,1,0.7855018969824368
1,1,0.9953267223975811
1,1,0.9901034045767347
0,0,0.3868009466050503
0,0,0.027147693442162227
1,1,0.864043493678873
0,1,0.9998105600217538
1,1,0.9331934306372055
0,0,0.07446055258137206
1,0,0.08517977520203532
1,1,0.9990786583943336
1,1,0.8927592546702047
0,0,0.48545020076968404
0,1,0.5127748588254253
1,1,0.9790479956231849
1,1,0.9764826353972447
1,1,0.8730323608421324
1,1,0.9127793170637408
1,1,0.9979234819975661
1,1,0.9990786583943336
1,0,0.47669972381994025
0,1,0.725097052466242
1,1,0.9945646772033089
1,1,0.7064096145052104
1,0,0.14099946627124188
0,1,0.8593512297801803
1,1,0.9940886577764245
1,1,0.9987744280240819
1,1,0.9419622062619392
1,1,0.9849309100990952
0,1,0.5454651658109888
1,1,0.9958216776538997
1,1,0.9933523698297859
0,0,0.2600437448983261
0,0,0.2096469706405587
1,1,0.9961586823943323
1,1,0.9998029532956114
1,1,0.9926218142316994
1,1,0.9968014260136875
0,0,0.38503660564086256
0,0,0.24035316532682782
1,1,0.9827805944737085
1,1,0.9926633001451873
1,1,0.9998003504541535
1,1,0.7877050876325817
0,0,0.24900553111913676
0,0,0.08136778138665221
1,0,0.3899186909721081
1,0,0.38503660564086256
0,0,0.05041212240189612
1,0,0.05147222329312897
0,0,0.09697046347346389
0,0,0.06636497555119102
1,1,0.999016226880745
1,1,0.9715110721297138
1,1,0.9990290424540451
1,1,0.5346108390520795
1,1,0.9989767573406357
1,1,0.9945646772033089
1,1,0.92267833460008
1,1,0.9968430025340256
1,1,0.9997753222899541
1,0,0.13208548249159643
0,0,0.007519734706915115
0,0,0.01747204963806725
0,0,0.04297115017511778
0,0,0.05637686651983026
0,0,0.004404049750510954
1,1,0.9707754587185996
1,1,0.7886534512847733
1,1,0.9864884852228581
1,1,0.851625428944952
1,1,0.9074110491215263
1,1,0.9945338835642359
1,1,0.847875461466689
1,1,0.9984637415633683
1,1,0.9922947837349848
0,0,0.3152282496386687
1,1,0.7920617389436475
1,1,0.9950760535963331
0,0,0.42155330232066085
1,1,0.9847348579575759
0,1,0.999781142238036
1,1,0.8314000966757382
1,1,0.9952919646920566
1,1,0.9870033978880907
1,1,0.9988024153615671
1,1,0.9947438263796282
1,1,0.9970261463484382
1,1,0.9742777541456007
0,0,0.002444519373180695
1,0,0.3652481670519436
0,1,0.7898917015669282
0,0,0.07775226691447905
1,1,0.9109202810289214
1,0,0.48653013295047287
1,1,0.9117286857097701
1,1,0.5809668365160402
0,0,0.48217230657223936
0,0,0.02001946665760382
1,1,0.9853975678939676
0,0,0.11415844213585788
1,0,0.3548669448628347
0,0,0.1302340289707746
0,1,0.767280559249213
1,0,0.219450284834107
1,1,0.9916428750008028
0,0,0.14259669780487794
1,1,0.9885195057037858
1,1,0.9952919646920566
1,1,0.9915956678696458
1,0,0.44410399141927365
0,0,0.219450284834107
1,1,0.8988823625785999
1,1,0.7236105579443447
1,1,0.7564054602781008
1,1,0.5051339864277213
1,1,0.9963544385283416
1,1,0.9977537219958321
1,1,0.9430766032052261
0,0,0.3266695610797949
1,1,0.9996921560533512
1,1,0.8245385103777619
0,0,0.19897999796490168
0,0,0.4269092711736498
1,1,0.7601756530104969
1,1,0.9988486020440475
0,0,0.4119823815637153
1,1,0.8762527030324748
0,1,0.6094193307230216
1,1,0.9185256679089248
1,0,0.2728691073196614
1,1,0.9982939463957221
0,0,0.022404789359760358
1,1,0.9715110721297138
1,1,0.9961586823943323
1,1,0.8577573130692545
1,1,0.9013642510647577
1,1,0.9949457466820233
0,0,0.015421407851112245
0,0,0.052330806497616844
1,1,0.939871492417473
1,1,0.9998029532956114
1,1,0.9778206453046167
1,1,0.9979234819975661
1,1,0.9990786583943336
1,1,0.9198219498933217
1,1,0.9725808970910168
0,0,0.011549018260701219
1,0,0.021903757162942496
1,1,0.94284407934631
1,1,0.9782248512792088
1,1,0.9998178731538345
0,0,0.015555629363363821
0,0,0.014963998834290443
0,0,0.24333213799976564
0,1,0.5127748588254253
0,0,0.4088064340514669
1,1,0.669821916918251
1,1,0.9858745752586011
0,0,0.098005858903206
1,1,0.9915956678696458
1,1,0.945153927197127
1,1,0.674653261084156
0,0,0.0973496874988618
1,1,0.9383707380191223
1,1,0.9990416912395266
1,1,0.7183297539432549
0,0,0.0177741198677837
1,1,0.9832904281990862
0,0,0.11340772262732106
1,1,0.867097868249014
0,1,0.6431933353324214
0,0,0.06949087458671113
1,1,0.7929957550730926
1,1,0.9874989363240039
0,0,0.3635238548539805
1,1,0.7963520987710089
1,1,0.8409793064938235
1,1,0.9985145688479767
0,1,0.9988521867752316
0,0,0.03501173921371056
1,1,0.7447047925590081
0,0,0.21551420032248994
1,1,0.9975056478667068
0,0,0.24035316532682782
1,1,0.9812345545944746
1,1,0.8894902683193134
0,0,0.039229593369560355
1,1,0.8245385103777619
0,0,0.0885048619138289
0,0,0.012646333920452722
0,0,0.16840030104878426
1,0,0.47703832658130113
1,1,0.9989495693603937
1,1,0.9963544385283416
0,0,0.036366732677296267
0,0,0.027849667575438924
0,1,0.8709331297426269
1,1,0.8957782354253906
1,1,0.9717164063650301
0,0,0.346211849489914
0,1,0.6898156115938644
0,0,0.46688733414144745
0,0,0.049935392400226715
0,0,0.4014383391104769
0,0,0.03531035188170777
1,1,0.9739467683463449
1,0,0.42796728973231485
0,0,0.14676625154848327
1,1,0.9851244823542966
1,1,0.960665418684045
1,0,0.3269681818415084
0,1,0.7765234655761505
0,0,0.03370546578195402
0,1,0.5248018699027319
1,1,0.9990786583943336
1,1,0.7942152027524895
1,1,0.902904713719341
0,0,0.3805934353908648
1,1,0.7455258332576096
1,1,0.966388808868252
1,0,0.14206895638919828
1,1,0.9348115009810352
1,1,0.7064096145052104
0,0,0.005357231919178637
0,0,0.16883793829710161
1,1,0.9952919646920566
0,0,0.21205677455728641
1,1,0.9783828726029067
0,0,0.2567003687766831
0,0,0.04448704745304536
1,1,0.9054494451874869
1,1,0.9989357059470192
1,1,0.9911963569456695
1,1,0.8773333521992763
1,1,0.9545096685716913
0,1,0.7213326385004962
1,1,0.6187505245636927
0,0,0.13629735824302497
1,1,0.9995670043173549
0,0,0.06617180726128533
0,0,0.09394403390150036
1,0,0.46362184572478005
0,0,0.105319211410628
1,1,0.9970039901365138
0,0,0.12728927531203835
1,1,0.6669126574455828
0,0,0.06475685851982092
0,1,0.5982192939530044
1,1,0.7935077437257577
1,1,0.709124360542023
1,1,0.9938527078433493
0,0,0.48139288818637394
0,1,0.7156664734948173
1,1,0.956499967024235
1,1,0.8920443875695183
1,1,0.8495606894272887
0,0,0.0025093764020217455
0,0,0.033564947661214324
0,0,0.24900553111913676
1,0,0.4617709722471256
1,1,0.9926218142316994
0,0,0.018238259818694372
0,1,0.9040493176763258
1,1,0.9982021483148281
0,0,0.14513022201273057
0,1,0.5127748588254253
1,1,0.8283040374222125
1,1,0.7447047925590081
0,1,0.6017928299950017
1,1,0.9455385814285739
1,1,0.7641504159764789
1,1,0.7529236836661327
0,0,0.04542851250989955
0,0,0.009755036812796953
1,1,0.8928891350711962
0,1,0.6623275808391199
1,1,0.8593512297801803
0,0,0.49167022525419307
1,1,0.9986700022993967
1,1,0.9678768610324218
0,0,0.11079496741936262
1,0,0.447346661240812
1,1,0.92267833460008
1,1,0.7189609673305131
1,1,0.9644468235084439
1,1,0.9567357056102372
1,1,0.8005762242206641
0,0,0.11209469382025065
1,1,0.9985422022326536
1,1,0.8902199670311759
1,1,0.9847348579575759
1,1,0.5670730075316546
0,0,0.00434687223868594
1,1,0.9971567917687515
1,1,0.9997895907738721
1,1,0.9158636495706328
1,0,0.3337315250174869
0,0,0.1102365696277597
1,1,0.7277056080299026
1,1,0.6714663576451393
0,0,0.19007756331000564
1,0,0.2728691073196614
1,1,0.9927709496143962
1,1,0.8773333521992763
1,1,0.7036801191122987
0,0,0.00391528011657458
0,0,0.21774156537404904
0,0,0.3152282496386687
0,0,0.029772636954255523
0,1,0.6938250638925754
1,1,0.953356138257564
1,1,0.9133702144268319
1,1,0.7109366284229244
1,0,0.098005858903206
1,1,0.8226315028640137
0,0,0.3266695610797949
0,1,0.8945464740396184
1,1,0.9978683677731486
1,1,0.9990786583943336
1,1,0.9862355163562156
1,1,0.997538093199016
1,1,0.8715703158750235
1,1,0.9924270528154672
1,1,0.9967166285527443
1,1,0.9954472520801023
0,0,0.4088064340514669
1,1,0.8609301814829144
1,1,0.5462390568829758
1,1,0.9989900865622885
0,0,0.0026442845932676843
1,1,0.9504965467997238
1,1,0.891496134868589
1,1,0.9158636495706328
1,1,0.9976941124712991
1,1,0.7564054602781008
0,0,0.07120760133493581
0,0,0.1247420282618294
1,1,0.9971193357976731
0,0,0.2651266692045015
0,0,0.13784987247576191
1,1,0.9827276845606023
1,1,0.9973018213466317
1,1,0.8925902038021029
0,0,0.02568656777907066
1,1,0.9987543782768065
1,1,0.9650860570877903
1,1,0.936393052505093
0,0,0.37135544864508946
1,1,0.9990290424540451
1,0,0.4183560664835209
0,0,0.3744247154174612
1,1,0.9841315129562445
0,1,0.5936910276503774
1,1,0.8568465361534722
0,0,0.002444519373180695
1,1,0.997042941447177
0,0,0.2133034070504374
0,0,0.31240190727918177
0,1,0.9997504535256516
1,1,0.9900475886709849
0,0,0.026690648676242882
0,0,0.07208057647710579
0,1,0.514193935121645
0,0,0.15517638497015157
1,1,0.8067884537668882
0,0,0.048100077271981304
1,1,0.9926218142316994
0,0,0.4552535597260008
1,1,0.9315381388708267
0,0,0.060893992713919334
1,1,0.9763110596562686
0,0,0.020743244520248533
0,0,0.253128565985703
1,1,0.9952919646920566
1,1,0.8219998404217592
1,1,0.8920443875695183
1,1,0.9987866121925764
1,1,0.5681340305229376
1,1,0.8067884537668882
1,1,0.9952919646920566
0,0,0.2567003687766831
1,0,0.4056380802449209
1,1,0.9944209131415381
1,1,0.9598807118718565
1,1,0.9515735600353987
0,0,0.018876620948374962
0,1,0.9040493176763258
1,1,0.8787389184869492
1,1,0.9519154817303479
1,1,0.9894392249066382
1,1,0.8993975054547774
1,1,0.9875905097788608
0,0,0.13629735824302497
1,1,0.9519154817303479
0,0,0.04958337168808214
1,1,0.8744801588616613
0,0,0.1962135339922644
1,0,0.2385314261731755
1,1,0.9977537219958321
1,1,0.9832904281990862
1,1,0.7009359908554015
0,1,0.8283040374222125
0,0,0.09394403390150036
0,0,0.10697469188773383
0,0,0.05083516446053102
1,1,0.9930359380431061
1,1,0.8945464740396184
0,0,0.15708451449451227
1,1,0.6954043206532361
1,1,0.8759137942754448
1,1,0.9659598573222623
1,1,0.9933030265934444
0,1,0.5936910276503774
1,1,0.9942733684211448
0,0,0.4038444039531122
1,1,0.8384481892042676
1,1,0.9515735600353987
1,1,0.9997950411934786
1,1,0.994462065721587
1,1,0.9423678801869569
0,0,0.2717434975679176
1,1,0.9063023912515848
1,0,0.46907887224132155
0,0,0.06456804726101903
0,0,0.13873707168195815
0,0,0.15249877069981357
1,1,0.5131139603790768
1,1,0.9929445787163662
1,1,0.7430277094045845
1,1,0.8218011564316193
1,1,0.867097868249014
1,1,0.9974727760224698
0,0,0.00391528011657458
0,0,0.44952381778764483
0,0,0.4109354921047344
1,1,0.8993975054547774
1,1,0.9974584160164434
0,0,0.020743244520248533
1,1,0.9727787366042296
1,1,0.9954472520801023
1,1,0.9368350434846737
1,1,0.9420585953703116
1,1,0.9939665415166078
0,0,0.2840437198077988
1,1,0.9849309100990952
1,1,0.9598807118718565
1,1,0.9979234819975661
1,1,0.9963544385283416
1,1,0.991917544662049
1,1,0.9974727760224698
1,1,0.7021253908589931
1,1,0.9821772470885347
0,0,0.23145316095382182
0,0,0.3237891413096457
1,1,0.9966295906257848
0,0,0.02318554001412145
0,0,0.3501718310119714
0,0,0.024582723864300174
0,1,0.7379835624778777
1,1,0.8128524043954113
1,1,0.832005218335025
1,1,0.9263418141419785
0,0,0.03110209395141607
1,1,0.9497264498325336
1,1,0.9951673438815715
1,1,0.9893011897919556
1,0,0.3412654236986259
1,1,0.9471596902565041
1,1,0.9814747158618381
1,1,0.5454651658109888
1,0,0.4056380802449209
1,1,0.9946047751011912
1,1,0.939871492417473
0,0,0.08460142292901757
1,1,0.9412404729624723
1,1,0.9828536017782011
1,1,0.9807450353844945
1,1,0.9747882605821729
1,1,0.9832904281990862
1,1,0.7601756530104969
0,0,0.013492539057379774
1,1,0.6623275808391199
0,0,0.05364804632959495
1,1,0.9990032423247183
1,1,0.6431933353324214
1,1,0.9984278519382379
1,0,0.33735387393847915
1,1,0.9924270528154672
0,0,0.02358401842127319
0,0,0.13475959596459955
0,0,0.06801012318720433
1,1,0.936393052505093
1,1,0.5809668365160402
0,0,0.36829652922204437
0,0,0.2807512665959904
1,1,0.9458303585966025
0,0,0.17068785987648058
0,0,0.35316437397378353
0,0,0.121570274734395
1,1,0.9936433802501204
1,1,0.998818012953577
1,1,0.8686031518199351
1,1,0.847875461466689
1,1,0.9659598573222623
1,1,0.9680530043693237
1,1,0.9821772470885347
0,0,0.03601778712532595
0,0,0.11079496741936262
0,0,0.006265375713847978
0,0,0.043384429118998084
1,1,0.8767207143072232
1,1,0.8226315028640137
1,1,0.9983161552290777
1,1,0.9527689905514983
1,1,0.9919770136635053
0,0,0.2876054292738324
0,1,0.717178994297654
1,1,0.8283040374222125
1,1,0.9975701175261105
1,1,0.8993975054547774
0,0,0.051195593643713594
1,1,0.6208247810221021
0,0,0.015421407851112245
1,1,0.9937719962606462
0,0,0.002898008590173945
1,1,0.97946582301658
1,1,0.9641906581790691
1,1,0.9761793276426217
1,1,0.8795299937710516
1,1,0.9967166285527443
0,0,0.4408660760531916
1,1,0.7770647419199044
1,1,0.7696160154928903
1,1,0.9983380754365883
0,0,0.011549018260701219
1,1,0.9940886577764245
0,0,0.019368983058904436
0,1,0.7302986177767873
0,0,0.18081877312111666
1,1,0.9987044168451429
1,1,0.9741350146595307
1,1,0.9672311118572204
0,0,0.05827089427407809
1,1,0.8868833838387831
1,1,0.9827276845606023
1,1,0.9469429068753245
0,0,0.38503660564086256
1,1,0.7577746175183566
1,1,0.9932651335179687
0,0,0.12875447773522522
0,1,0.5968532247140763
0,0,0.45851049143236566
0,0,0.00271442729257487
1,1,0.902904713719341
0,0,0.25253882717212595
0,0,0.11879466311017903
1,1,0.9929445787163662
1,1,0.5727421449606109
1,1,0.9921253056593492
0,0,0.01014284160492727
1,1,0.7701690704301649
1,1,0.855229016584247
1,1,0.7877050876325817
0,0,0.3744247154174612
1,1,0.9910307296377243
0,0,0.40700834154640075
1,1,0.802663478746088
1,1,0.962602030638184
0,0,0.0671828764843532
0,0,0.022404789359760358
1,1,0.9758722047289811
1,1,0.522606254591313
0,0,0.03457098242853183
0,1,0.6125390065570249
1,1,0.9984550036271881
1,1,0.8890646006371008
1,1,0.7036801191122987
1,1,0.9987543782768065
0,0,0.1957216470942881
1,1,0.516053465833837
1,1,0.9741350146595307
1,1,0.9158636495706328
1,1,0.9909133053240968
1,1,0.9989495693603937
0,0,0.00271442729257487
1,1,0.9996961690021594
0,0,0.02514346015704223
1,1,0.8561483568377276
1,0,0.24275780444126638
0,0,0.027147693442162227
1,1,0.9990487925398794
0,0,0.02134836349579536
1,1,0.9952030171827896
1,1,0.9645537129334514
1,1,0.9245304865662212
1,1,0.9963813808956915
1,0,0.22781428773381324
1,1,0.9951038079303758
1,1,0.8933018888948681
0,0,0.01608014615189438
1,1,0.92267833460008
1,1,0.9987044168451429
0,1,0.6813279535497268
1,1,0.9912880870072904
1,0,0.1266595886762311
1,1,0.7118242445132328
1,1,0.9650860570877903
1,1,0.998943591793622
1,1,0.7430277094045845
1,1,0.9598807118718565
0,0,0.30679101357208904
0,0,0.2787356843121294
1,1,0.7354376723016417
1,0,0.3471910347646233
0,1,0.7855018969824368
1,1,0.8715703158750235
0,0,0.04917020719750738
0,0,0.003134716327502656
1,1,0.9575792081210092
1,1,0.9952919646920566
1,1,0.9981054202042215
1,1,0.7277056080299026
1,1,0.9984751190740592
0,0,0.23222306218622255
1,1,0.9678768610324218
1,0,0.1948290076205151
1,1,0.9750659658824837
1,0,0.13107966496253196
1,1,0.5272959680260668
1,1,0.7810457993192712
1,1,0.964894148389403
1,1,0.9258322107308146
1,1,0.9905518165085212
1,1,0.9598807118718565
0,0,0.030320696598032607
0,0,0.3136234037966967
1,1,0.6401754880799728
1,1,0.9951399479455683
1,1,0.9859534625487603
1,1,0.9799872000358819
1,0,0.448751439439266
0,0,0.10206166819295083
0,1,0.7009359908554015
1,1,0.8828725364006903
1,1,0.7920617389436475
1,1,0.9990786583943336
0,0,0.12728927531203835
1,1,0.9997335317343093
0,0,0.09506721757308213
0,0,0.08640991662049079
1,1,0.9997663009673536
1,1,0.966388808868252
1,1,0.8528850338178776
1,1,0.9987379420177451
1,1,0.9891613702464382
1,1,0.989240898632412
0,0,0.07034439738062676
0,0,0.00610403564896609
0,0,0.11340772262732106
1,1,0.9841315129562445
1,1,0.7625603459284828
1,1,0.9985611840126101
1,1,0.7787929065349525
0,1,0.5062146279372253
1,1,0.5841586993356982
0,0,0.22452300640056067
0,0,0.0671828764843532
1,1,0.9946445787785185
1,1,0.999808057640241
1,1,0.9985904373018059
1,1,0.9637347062126157
1,1,0.9989216597640695
1,0,0.18606914952909673
1,1,0.9899739626871615
0,1,0.9245304865662212
1,1,0.9696373892115588
1,1,0.9899174241750905
1,0,0.07997312210895723
1,1,0.9306963136166195
1,1,0.9997753222899541
1,1,0.870093940428941
1,1,0.989240898632412
0,1,0.5968532247140763
1,1,0.8512305241850365
0,0,0.0942100956151464
1,1,0.994974231794854
0,0,0.2600437448983261
1,1,0.9989495693603937
1,1,0.5873435184767087
1,1,0.9935234891988433
1,1,0.9961706097413855
0,0,0.18473975223237615
1,1,0.9040493176763258
0,1,0.6972655766749078
0,1,0.5193306914963889
0,0,0.3982886183917665
0,0,0.021283237926874712
1,1,0.9922708780726011
1,1,0.9966104558145166
1,1,0.9182917372258631
1,1,0.6870001989671739
0,0,0.04575245550224918
0,0,0.4088064340514669
1,1,0.9826310000035982
1,1,0.9478127499420885
0,1,0.6156494798601746
1,1,0.5425459463166518
1,1,0.9720749147341783
0,1,0.6341066189092583
1,1,0.9968840403131942
1,1,0.9767821730007215
1,1,0.6981773500132223
1,1,0.8577573130692545
0,0,0.007422408015643323
1,1,0.7075863270061838
1,0,0.11153056712489555
0,0,0.24761591668111085
1,1,0.9952919646920566
1,1,0.964641087930725
1,1,0.9990786583943336
1,1,0.984219979040385
1,1,0.9984637415633683
1,1,0.9930574939815291
0,0,0.20748044640690427
1,1,0.9919770136635053
1,1,0.9898428451388604
1,1,0.9845362951814395
1,1,0.7803055895114764
1,1,0.9855852333581331
1,1,0.9766529981559756
1,1,0.9835047205864631
1,1,0.9860561971341337
1,1,0.9990541754036983
0,0,0.015421407851112245
1,1,0.9952300593038914
0,0,0.2914738646928429
1,0,0.07619439135187367
0,0,0.1258383383537607
1,1,0.9938070553027578
1,1,0.9923708939962581
1,1,0.902904713719341
0,0,0.4247571288721397
1,1,0.9899739626871615
0,0,0.09620240407950222
1,0,0.468301478141243
1,1,0.9380414127397821
1,1,0.9909133053240968
1,0,0.015873795539852235
0,0,0.016450207985464087
1,1,0.9074110491215263
0,0,0.21058974431144428
1,1,0.995506351417736
1,1,0.9898428451388604
0,1,0.7553572798213336
1,1,0.9837163102862061
1,1,0.9990786583943336
1,1,0.9987379420177451
0,0,0.3353889878093686
1,0,0.1332365069527251
1,1,0.9840148276457918
1,1,0.9851244823542966
0,0,0.01970319126261801
1,1,0.5454651658109888
1,0,0.4297908653154972
1,1,0.6784714104799113
1,1,0.7145091574861981
1,1,0.9772441354663337
1,1,0.9937719962606462
1,1,0.9379387810533621
1,1,0.9810969763270047
1,1,0.7539788949169225
1,1,0.8512305241850365
0,1,0.8535963431523756
1,1,0.717178994297654
1,1,0.939871492417473
1,1,0.9379387810533621
1,1,0.9706525597203668
0,0,0.035564832145156274
0,1,0.5389493341522548
1,0,0.423369775209353
0,0,0.015555629363363821
1,1,0.9556359989121206
1,1,0.9978961049706292
1,1,0.8444585607455659
1,1,0.8907738779619357
0,0,0.07589064875912109
1,1,0.8577573130692545
0,0,0.03934742607812259
1,1,0.9900475886709849
0,1,0.8067884537668882
1,1,0.9657725812324998
0,1,0.6310560017412638
1,1,0.9373539199269497
0,1,0.6341066189092583
0,1,0.5094951521680844
0,0,0.26915379354438856
1,1,0.971872107870952
1,1,0.864043493678873
0,1,0.6904831910473114
1,1,0.9988334076365699
0,0,0.105319211410628
1,1,0.9888956801486735
1,1,0.7198336535445193
1,1,0.988130740774386
1,1,0.7198336535445193
1,1,0.9706138702794237
1,1,0.9924270528154672
1,1,0.9987379420177451
0,1,0.809974753339131
0,0,0.3514655214452975
1,0,0.4269092711736498
0,0,0.4247571288721397
1,1,0.7855018969824368
0,0,0.4977910349630137
0,0,0.037772113276628
1,1,0.9951038079303758
0,0,0.05850858097625025
1,1,0.8948406022644786
1,1,0.9990786583943336
1,1,0.9963544385283416
0,0,0.017600315502080376
1,1,0.9962085818110393
0,0,0.03314177876138707
1,1,0.9323704816004175
1,1,0.9995190886803329
1,1,0.6521781702430801
1,0,0.3979633760596556
1,1,0.9929965443721402
0,0,0.05056177608089739
0,0,0.44410399141927365
0,0,0.06071571320750395
1,1,0.9988571325453462
0,1,0.9267284682498048
1,1,0.9198219498933217
0,0,0.020216668698376114
1,0,0.1733663995510266
0,0,0.39304545765000864
1,1,0.6646867658143379
0,0,0.47015566222137073
1,1,0.9480930121017512
1,0,0.3544630895702802
1,0,0.3730951330233634
1,1,0.9588575083281586
1,1,0.9773701154365209
1,1,0.94845817759998
1,1,0.9995436746916828
1,0,0.3086661694196498
0,0,0.34324695668887445
0,0,0.08136778138665221
0,0,0.13058805547949107
1,1,0.6739676604361945
1,1,0.7734809399678857
1,0,0.07997312210895723
1,0,0.3183628097074599
0,0,0.15346346801371902
1,1,0.9990786583943336
1,1,0.9942834064534066
1,1,0.9952919646920566
1,1,0.9990664970850345
1,1,0.9952919646920566
1,1,0.5010723647875496
1,1,0.9968430025340256
1,1,0.9983597107567834
0,0,0.16416198265186036
1,1,0.9895754978702758
1,1,0.6371465157037023
1,1,0.6371465157037023
0,0,0.48545020076968404
1,1,0.99945167439997
1,1,0.9988784003967983
1,1,0.7469356823596411
1,1,0.8881934672670667
1,1,0.9570428246355066
1,1,0.9899174241750905
1,1,0.9764826353972447
1,1,0.9901034045767347
0,0,0.015825100695546924
1,1,0.995952457422236
1,1,0.9952919646920566
1,1,0.808826214871534
0,0,0.27960564516061476
0,0,0.08094419356691458
1,1,0.92267833460008
1,0,0.3757561960036977
0,0,0.1351240134799152
0,0,0.26915379354438856
0,0,0.0049535322118045896
0,0,0.14953348364513705
1,1,0.9871706944635917
1,1,0.8392161424231319
1,1,0.9519154817303479
0,0,0.02047829952370021
1,1,0.8828725364006903
1,1,0.9934384836395824
0,1,0.6391790504664908
1,1,0.9715110721297138
0,0,0.00634762778607902
1,0,0.19162236949017258
0,0,0.13941721630179002
0,0,0.018635063871535868
0,0,0.13873707168195815
1,1,0.9521748226633879
0,1,0.7984724355203551
0,0,0.052769054787596525
1,1,0.9903029473183849
1,1,0.9158636495706328
1,1,0.9482464303287564
0,0,0.18806515078427125
1,1,0.9814747158618381
0,0,0.2807512665959904
1,1,0.9254412075795885
1,1,0.9986166612656021
1,1,0.8226315028640137
1,1,0.999016226880745
0,0,0.27434876526483226
1,1,0.9977241119399108
1,1,0.9935234891988433
1,1,0.9948793123366003
1,1,0.9940886577764245
1,1,0.9997693476113244
1,1,0.9063023912515848
1,1,0.9990032423247183
1,0,0.4247571288721397
0,0,0.27960564516061476
1,1,0.9578093559868898
0,1,0.7009359908554015
0,0,0.008454652351977683
1,1,0.9796421135125615
1,1,0.9982939463957221
0,0,0.0177741198677837
1,1,0.7564054602781008
0,0,0.1419035997910601
1,1,0.9984751190740592
1,1,0.9952030171827896
0,1,0.5501236282825668
0,1,0.6371465157037023
0,0,0.046772921954180244
0,0,0.2111091896075924
1,1,0.9323704816004175
1,1,0.9901034045767347
0,0,0.14420898515311042
1,1,0.9835966227660009
1,1,0.929844916622636
1,1,0.9860561971341337
1,1,0.9890197437219272
1,1,0.9988930094407088
1,1,0.9289838583011274
0,0,0.019368983058904436
0,1,0.7379835624778777
1,1,0.8577573130692545
1,1,0.676845158105663
1,1,0.7064096145052104
1,1,0.9927173223215874
0,0,0.4930900045985326
1,1,0.8945464740396184
0,0,0.31998060159149994
1,1,0.6491948685882406
1,1,0.9982714451492708
1,1,0.9684564407767535
1,1,0.9272323975288678
0,1,0.7118242445132328
1,1,0.9331934306372055
1,1,0.9990290424540451
0,1,0.847875461466689
1,1,0.9984837434173711
1,1,0.9986389247093332
1,1,0.6156494798601746
0,0,0.07436706556227889
1,1,0.9323704816004175
1,1,0.870093940428941
0,0,0.2556180094701487
1,1,0.7048632008047627
0,1,0.9985656622983206
1,1,0.6310560017412638
1,1,0.8187687892567623
1,1,0.9976329248404251
1,1,0.6581089088892188
1,1,0.8969972657655098
1,1,0.9980551255096889
1,1,0.9797281529580852
0,0,0.2355929267036115
1,1,0.9997370054657294
0,0,0.012007276776900035
1,1,0.8624942438511274
1,1,0.7198336535445193
1,1,0.945153927197127
0,0,0.16475603233975883
1,1,0.9761793276426217
1,1,0.9915956678696458
1,0,0.07527563516096511
1,0,0.31429580885429964
1,1,0.9586328311409217
0,0,0.1032708433298929
0,0,0.20841604647639736
1,1,0.8907738779619357
0,0,0.037297949739648506
1,1,0.9797281529580852
0,0,0.26830424075567666
0,0,0.03150006774859591
1,1,0.9948412442463185
1,1,0.9941401590385772
0,0,0.18959743028358936
0,0,0.4920094638555109
1,1,0.9897855748618359
1,1,0.9795797603917143
1,1,0.7288297311580694
0,0,0.008791220199530735
1,1,0.9893797032678032
0,1,0.783282132333204
1,1,0.606290681356499
1,1,0.9864543389825849
1,1,0.8301626473181773
0,1,0.6374602562651941
0,0,0.05997148332645099
0,0,0.27810850111587665
1,1,0.994462065721587
1,1,0.8815084230469536
1,1,0.9245304865662212
1,1,0.847875461466689
0,0,0.0032178263217761184
0,1,0.5487173929679993
0,0,0.1266595886762311
0,1,0.7156664734948173
1,1,0.9325670647474456
1,1,0.9694174366818274
1,1,0.9550761975070822
0,0,0.04561635262333288
1,1,0.9639940114330198
1,1,0.979200170437572
1,1,0.9931261225646032
1,1,0.992327767429788
0,0,0.3944014078149636
0,0,0.07120760133493581
1,1,0.8409793064938235
0,0,0.012811275476167953
0,0,0.006954216729733893
0,0,0.05850858097625025
1,1,0.9938527078433493
0,0,0.0289357922824356
1,0,0.17779180836474898
1,1,0.6941997721420095
1,1,0.9952919646920566
0,1,0.5791533222788564
1,1,0.9968430025340256
1,1,0.9996300801879309
1,1,0.6401754880799728
0,0,0.07942705252951361
1,1,0.9635356503019724
1,1,0.7553572798213336
1,1,0.9929445787163662
1,1,0.9684564407767535
0,0,0.1769629501636332
1,1,0.6813279535497268
1,1,0.684552083559428
1,1,0.9848200123041569
1,1,0.9198219498933217
0,0,0.19007756331000564
0,0,0.36424647056279263
0,0,0.23222306218622255
0,0,0.07847262785217655
1,1,0.7040479110089468
1,1,0.8168130052473578
1,1,0.9763110596562686
0,0,0.47997489846339436
0,0,0.01366836457391946
0,0,0.37957482046704744
0,0,0.2807512665959904
1,0,0.49965225636701377
1,1,0.9729287528945916
1,1,0.945153927197127
1,1,0.9904281828946487
0,0,0.08910730131974202
1,1,0.9908460245269309
0,1,0.669821916918251
1,1,0.5258798744683454
0,0,0.0639664672164146
1,1,0.936393052505093
1,0,0.23379616314077833
0,0,0.015421407851112245
0,0,0.22452300640056067
1,1,0.9987543782768065
1,1,0.9989767573406357
0,0,0.1124057832267802
0,0,0.37034677526641846
1,1,0.9974394720883081
0,0,0.3366563579169119
0,1,0.5855379136227113
0,0,0.3868009466050503
0,0,0.048100077271981304
1,1,0.8264293405037616
1,1,0.8624942438511274
1,1,0.8076723828330186
1,0,0.16040883657072516
0,0,0.27810850111587665
1,1,0.7810457993192712
1,0,0.3266695610797949
1,1,0.9158636495706328
1,1,0.9924270528154672
1,1,0.9123260171539562
1,1,0.9800983032435343
0,0,0.0031760003481664223
1,1,0.9379387810533621
0,0,0.36961909343300225
1,1,0.9394493754316038
0,1,0.522606254591313
1,1,0.9990290424540451
1,1,0.9972302530153422
1,1,0.9423678801869569
1,1,0.9814747158618381
1,1,0.8677511134569345
1,1,0.9943893096068215
1,1,0.9982486476531268
1,1,0.9644468235084439
1,1,0.9986700022993967
1,1,0.7368836868731201
0,0,0.2140297483466832
0,0,0.045048328311620076
1,1,0.8655780088401652
1,1,0.9885837927066815
1,1,0.6521781702430801
1,1,0.9922271905545811
1,1,0.988217741321869
1,1,0.936393052505093
1,1,0.6045121572533981
0,0,0.0987867429229565
1,1,0.7649286592468305
1,1,0.8076723828330186
1,1,0.9738022415218104
1,0,0.2914738646928429
1,1,0.987098553863
0,1,0.6310560017412638
1,1,0.669821916918251
0,0,0.11283782775316564
1,1,0.8655780088401652
1,1,0.7504738762095161
1,1,0.9525127109161825
1,1,0.9550761975070822
0,1,0.8577573130692545
0,1,0.7553572798213336
1,1,0.9601664350436759
0,0,0.023484671091900094
1,1,0.9998202475920218
1,1,0.9918576384750956
1,1,0.9915333963340822
1,1,0.9698558090130334
0,0,0.11372198928524285
1,1,0.9851244823542966
1,1,0.9901206793795764
1,0,0.11684009231060921
0,0,0.03788574082544625
1,1,0.7480079080498602
1,1,0.9867599400677977
1,1,0.8941379642428263
1,1,0.9950394408223829
0,0,0.08804768071004787
1,1,0.9764826353972447
1,1,0.7106576123576802
1,1,0.8486066928667397
1,1,0.9497264498325336
1,1,0.9922271905545811
0,0,0.019202499894647198
1,1,0.9934384836395824
0,0,0.06071571320750395
0,0,0.14459468544561088
1,1,0.9897855748618359
1,1,0.9376073010217577
0,0,0.006687503224740694
1,1,0.771935000772235
0,0,0.21721029406639905
1,1,0.9938527078433493
1,1,0.9865873599531256
1,1,0.7236105579443447
1,1,0.9990786583943336
1,1,0.9812345545944746
0,1,0.5174719788573988
0,1,0.7742374910813976
1,1,0.7696160154928903
0,0,0.0973496874988618
1,0,0.1325818695132009
0,0,0.1201755503356862
1,1,0.9989216597640695
1,1,0.9887309781841435
1,1,0.7036801191122987
1,1,0.9942409339386405
0,0,0.2717434975679176
0,0,0.05850858097625025
1,1,0.8821004679377775
1,1,0.570292424589206
1,0,0.460359474167805
1,1,0.9729287528945916
1,1,0.9503494495590957
0,0,0.015355904633962908
1,1,0.6293209530646031
1,0,0.3366563579169119
0,0,0.4056380802449209
1,1,0.8969972657655098
1,1,0.9990786583943336
0,0,0.20249805872007723
0,0,0.022025785898109437
0,0,0.13359744167846838
1,1,0.5936910276503774
1,1,0.9812345545944746
1,1,0.9997600864493149
0,0,0.4006884424576215
1,1,0.9570428246355066
0,1,0.5370988647441066
0,0,0.36221056877972035
1,1,0.9983930537078082
1,1,0.9990786583943336
1,1,0.9588575083281586
0,1,0.6813279535497268
0,1,0.858448974469229
1,1,0.8108475229279075
0,0,0.1032708433298929
1,1,0.9941652896903262
1,1,0.8953739391808595
0,0,0.09394403390150036
0,0,0.3836924529311955
1,0,0.2393175407372872
0,0,0.2996719581754492
0,1,0.6310560017412638
0,0,0.0025093764020217455
0,0,0.028207235811370062
1,1,0.945153927197127
0,0,0.43118352638737417
1,1,0.9912610855446503
1,1,0.9997723545464189
1,1,0.9763518343898988
0,1,0.5873435184767087
0,1,0.732875998909476
1,1,0.8047342155794973
0,0,0.03621553555262105
0,0,0.43012353531369285
1,1,0.982276411903807
1,0,0.3052099769421595
0,1,0.606290681356499
1,1,0.941650879180239
1,1,0.9982255500207126
1,1,0.9950394408223829
1,1,0.7102946546087838
0,0,0.06636497555119102
1,1,0.9998202475920218
1,1,0.9874286179585522
1,1,0.9736116388813517
1,1,0.9682824489510732
1,1,0.9997977132380382
1,1,0.9990786583943336
0,1,0.5429838449004506
1,1,0.9281130487029017
0,0,0.026462931508619253
1,1,0.9769504170907978
0,1,0.5809668365160402
1,1,0.6841709319594019
0,1,0.5777681824588701
1,1,0.9578093559868898
1,1,0.994011025457438
1,1,0.7515360974250898
1,1,0.9598807118718565
0,0,0.1351240134799152
1,1,0.9853156051203472
1,1,0.97946582301658
1,1,0.9949081699485981
1,1,0.9085079132944119
1,1,0.9912610855446503
1,1,0.8982036580372734
0,1,0.8759137942754448
1,1,0.9965852131752794
1,1,0.9900475886709849
1,1,0.9265545408023385
0,0,0.027496503792135852
1,1,0.6371465157037023
1,0,0.25253882717212595
0,0,0.16578310065109797
1,1,0.7925754334598965
0,1,0.8374372079450197
1,1,0.8528850338178776
1,1,0.9630716776963741
1,0,0.219450284834107
0,0,0.2717434975679176
1,1,0.9976941124712991
1,1,0.9978961049706292
1,1,0.9413379860769191
0,0,0.0906455582471133
1,1,0.7944369503797937
1,1,0.9910307296377243
1,1,0.9990786583943336
1,1,0.7898917015669282
0,0,0.15765778391584898
1,1,0.9986873222002085
1,1,0.7787929065349525
0,0,0.36829652922204437
0,1,0.9987903896875628
0,0,0.09570963558377121
1,1,0.941650879180239
0,0,0.4088064340514669
1,1,0.9040493176763258
1,1,0.94347495511922
1,1,0.9988024153615671
1,1,0.6293209530646031
1,1,0.676845158105663
0,1,0.9986209671179458
0,0,0.2975767395196287
1,1,0.987098553863
1,1,0.8438898797335365
1,1,0.9976941124712991
1,1,0.8759137942754448
1,1,0.8987218689895683
1,1,0.9984229440608903
1,1,0.9939665415166078
0,0,0.448751439439266
1,1,0.8528850338178776
1,1,0.6187505245636927
1,1,0.9990541754036983
0,0,0.17398682376716623
1,1,0.8207082758338305
0,0,0.3836924529311955
1,1,0.999016226880745
0,0,0.06430742580807006
0,0,0.3899186909721081
1,1,0.9873358651733425
0,0,0.0026442845932676843
0,0,0.30587238217395174
0,0,0.33959375896018557
1,1,0.9702371790061035
1,1,0.6452108596517707
1,1,0.8609301814829144
1,1,0.7757723564070398
0,0,0.003260201316251649
1,1,0.971872107870952
0,0,0.19210641485901253
0,0,0.04243459993059169
1,0,0.49014882276749283
1,1,0.9997977132380382
1,1,0.966812540760299
0,0,0.02654347681093704
1,1,0.9965852131752794
0,1,0.8356424458179031
1,1,0.8409793064938235
1,1,0.7787929065349525
1,1,0.9762203235980474
1,1,0.6870001989671739
1,1,0.9943156031025563
0,0,0.07385620215934817
1,1,0.9982021483148281
0,0,0.48980963008114553
1,1,0.732875998909476
1,1,0.9998105600217538
1,1,0.8386319570383428
0,1,0.5735059066426187
1,1,0.9741350146595307
1,1,0.8804595432035078
0,0,0.028814565978298217
0,0,0.11209469382025065
0,0,0.37135544864508946
0,0,0.020216668698376114
0,0,0.2708888004160976
1,1,0.9983380754365883
1,1,0.9984637415633683
1,1,0.6756014532431686
1,1,0.9987379420177451
1,0,0.47234894891091833
0,0,0.1957216470942881
0,0,0.4408660760531916
0,0,0.3471910347646233
1,1,0.9966733932865633
1,1,0.8187687892567623
1,1,0.9289838583011274
1,1,0.9997632140903676
0,0,0.07120760133493581
1,1,0.722473037573032
1,1,0.9897855748618359
0,0,0.06837106119893403
0,0,0.12680980691172988
0,0,0.03682951067971156
1,1,0.9409255171499878
1,1,0.9992777810715847
0,1,0.7009359908554015
0,0,0.07911152677781617
1,1,0.999016226880745
1,1,0.9880639333464989
1,1,0.8686031518199351
1,1,0.9812345545944746
1,1,0.9980294806572038
1,1,0.9724290077713692
1,1,0.7198336535445193
1,1,0.8920443875695183
1,1,0.9987212891562184
0,0,0.1419035997910601
1,1,0.8356424458179031
1,0,0.47669972381994025
1,1,0.722473037573032
1,1,0.9941652896903262
0,1,0.8128524043954113
1,1,0.9692485773192403
0,1,0.5356862788728501
0,0,0.04125698872368679
1,1,0.9770779849904112
0,0,0.024404836391342506
1,1,0.9406089796713539
1,1,0.9937257481037979
0,0,0.0028603277448089924
0,0,0.4183560664835209
1,0,0.39304545765000864
1,1,0.8256130045425443
1,1,0.9814747158618381
1,1,0.9337401057907597
1,0,0.29729310475876203
0,0,0.05827089427407809
1,0,0.3581894874983145
1,1,0.9650860570877903
1,1,0.9993829630121785
0,1,0.5552091066547443
1,1,0.522606254591313
0,0,0.046328927574025104
1,1,0.8686031518199351
1,1,0.9841315129562445
0,0,0.24761591668111085
0,1,0.9988061437172464
1,1,0.6820053792741748
1,1,0.9757380929297094
1,1,0.9989900865622885
1,1,0.7752288498563153
1,1,0.9966295906257848
1,1,0.9916428750008028
0,0,0.016663924764731407
1,1,0.7183297539432549
1,1,0.9963064516362333
0,0,0.098005858903206
0,0,0.05778974075767668
1,1,0.9864125612851161
1,1,0.9693414893450514
1,1,0.9997569175061419
1,1,0.5727421449606109
0,0,0.02546719300117292
1,1,0.9972662707340999
1,1,0.8964712470361417
1,1,0.8561483568377276
1,1,0.9986566487738069
1,1,0.8988823625785999
1,1,0.9591502084745178
1,1,0.8836402158875242
0,1,0.9117286857097701
1,1,0.802663478746088
0,0,0.028814565978298217
0,0,0.29692461460997255
0,1,0.802663478746088
1,1,0.9591502084745178
0,0,0.34847961836062324
1,1,0.6156494798601746
1,1,0.9995612861317424
1,1,0.7236105579443447
0,0,0.012811275476167953
1,1,0.9217367196530776
1,1,0.8773333521992763
1,1,0.9680530043693237
1,1,0.9894576467105307
1,1,0.9323704816004175
1,1,0.6993730158084333
0,0,0.022404789359760358
1,1,0.9997723545464189
1,1,0.9968840403131942
1,1,0.9063023912515848
0,0,0.10853674528521454
0,1,0.6371465157037023
0,0,0.027230264660053627
1,1,0.9997040386936489
1,1,0.7920617389436475
1,0,0.423369775209353
1,1,0.9534947636302421
0,0,0.00651536419911491
0,0,0.06071571320750395
1,1,0.9914374880997402
0,0,0.0973496874988618
0,0,0.16338403953966424
0,0,0.23013148374808873
1,1,0.5745629918530176
1,1,0.9521748226633879
1,1,0.7294462768942126
1,1,0.9990786583943336
1,1,0.9981300786113295
1,1,0.9550761975070822
1,1,0.9833835041207732
1,1,0.9848200123041569
1,1,0.9263418141419785
0,0,0.014209508651162514
1,1,0.9844703393768368
0,0,0.1721085680409933
1,1,0.9729287528945916
1,0,0.3312101685193977
0,0,0.05850858097625025
0,1,0.6972655766749078
0,0,0.10356030063092296
1,1,0.7354376723016417
1,1,0.8137149968955969
0,1,0.5616820320104406
0,0,0.4398006861393068
1,1,0.999813029785442
1,1,0.9914374880997402
1,1,0.9704007756285437
1,1,0.7778127618173688
0,0,0.06430742580807006
1,1,0.6511968608195046
0,0,0.04160657009272651
0,0,0.3501718310119714
1,1,0.9585628015102298
0,0,0.018714289044536606
0,1,0.6857774330050477
1,1,0.9456084346670725
1,1,0.9799872000358819
1,1,0.9423678801869569
0,0,0.003966803207313234
1,1,0.9995127380243419
0,1,0.8456112201613454
0,0,0.14953348364513705
1,1,0.9545096685716913
0,0,0.008237403414791504
1,1,0.8040539974519535
1,1,0.8226315028640137
1,1,0.9951673438815715
1,1,0.9940447470057971
1,1,0.9348115009810352
1,1,0.5065539015970679
0,0,0.12763647155567406
0,0,0.1594087009313672
1,1,0.9973566115887953
0,0,0.2921189922348559
1,1,0.9946047751011912
0,0,0.2734889511703718
1,1,0.9998202475920218
1,1,0.7742374910813976
0,0,0.025360118863764942
1,1,0.9998105600217538
0,0,0.048560181212058705
1,1,0.9852074958879128
1,1,0.9984229440608903
1,1,0.9509651275553892
1,1,0.9885195057037858
1,1,0.9839252302245594
0,0,0.06617180726128533
0,0,0.002823135450804502
1,1,0.9989767573406357
1,1,0.7625603459284828
1,1,0.669821916918251
1,1,0.922900760890366
1,1,0.9963544385283416
1,1,0.9315381388708267
0,0,0.03621553555262105
0,1,0.6371465157037023
0,0,0.1160740486901033
1,1,0.8976830974189028
0,1,0.6279948715392226
0,0,0.1201755503356862
0,0,0.07847262785217655
0,0,0.03825206527140472
1,1,0.9926218142316994
0,1,0.6841709319594019
0,0,0.03110209395141607
1,1,0.8655780088401652
1,1,0.9917043480618868
1,1,0.8539860451334652
1,1,0.9971406414471401
1,1,0.8512305241850365
0,1,0.5584480521592965
1,1,0.9962854891068322
1,1,0.9949457466820233
0,0,0.3152282496386687
1,1,0.9178645083054527
1,0,0.41378711483861663
1,1,0.9891002998408384
1,1,0.9979771741098209
0,0,0.002823135450804502
1,1,0.9833835041207732
1,1,0.9632731698540008
0,0,0.11283782775316564
0,0,0.11209469382025065
0,0,0.12236756981195657
1,1,0.9749274878276297
1,1,0.8927592546702047
1,1,0.6094193307230216
1,1,0.9684564407767535
0,0,0.08745171743675409
1,1,0.9786587360971257
1,1,0.997336910877993
1,1,0.9839252302245594
0,0,0.05499651873428986
1,1,0.9991435260177497
1,1,0.9550761975070822
1,1,0.9980804372552946
1,0,0.43580176406492793
1,1,0.9933897753450568
1,1,0.7379835624778777
0,1,0.5149737255836151
1,1,0.732875998909476
1,1,0.9637347062126157
0,0,0.04351417635897405
0,1,0.6727182360710372
1,1,0.9968840403131942
1,0,0.36424647056279263
0,0,0.45384518499957144
1,1,0.6187505245636927
1,1,0.9998154673563113
1,1,0.9990786583943336
1,1,0.9040493176763258
1,1,0.9437771307735141
1,1,0.783282132333204
1,1,0.9880639333464989
1,1,0.9988930094407088
0,0,0.052769054787596525
1,1,0.5258798744683454
1,0,0.4715709489884411
1,1,0.9997723545464189
1,1,0.9245304865662212
0,0,0.004071884012683048
1,1,0.6052582688397564
0,0,0.49965225636701377
1,1,0.888930659565206
0,0,0.036366732677296267
1,1,0.9987379420177451
0,1,0.6143044645294741
0,0,0.28672048452090615
1,0,0.06969300877077375
1,1,0.9623330924568283
1,1,0.9963544385283416
1,1,0.5193306914963889
0,0,0.1332365069527251
1,1,0.9653360473807329
1,1,0.9942409339386405
1,1,0.8545242877757699
0,0,0.013318944762881924
1,1,0.9997600864493149
0,0,0.124401582694371
0,0,0.02378756746402176
1,1,0.9880639333464989
1,1,0.941650879180239
1,1,0.9807450353844945
1,1,0.9918116344671676
1,1,0.8133268421833696
1,1,0.9787770546969996
0,0,0.26257728729778396
1,1,0.9990786583943336
1,1,0.8409793064938235
0,0,0.14622571059764572
1,1,0.9860561971341337
1,0,0.4141163938448332
1,1,0.9889578842278863
1,1,0.9732723168606268
1,1,0.998818012953577
1,1,0.9550761975070822
1,1,0.7553572798213336
1,1,0.9984071139622794
1,1,0.9952030171827896
1,1,0.9888136288558578
0,0,0.48794931719989143
0,0,0.043384429118998084
1,1,0.9783828726029067
1,1,0.9961368844606102
1,1,0.976046881051989
0,0,0.42155330232066085
0,0,0.04393243816277125
0,0,0.3164557111391912
0,0,0.11834285295388206
0,0,0.41973894993735456
0,0,0.24819797667611512
1,1,0.7810457993192712
1,1,0.9831676639451399
0,0,0.12378415498813816
1,1,0.9855043084466355
0,0,0.015421407851112245
1,1,0.7055122204140922
0,0,0.04375121423883895
0,0,0.09017841306869392
1,1,0.9962578354602515
0,0,0.004179736732545229
0,0,0.1201755503356862
1,1,0.864043493678873
1,1,0.995564687003552
0,1,0.8969972657655098
0,0,0.037772113276628
0,0,0.22170683307114736
1,1,0.9998202475920218
1,1,0.9995127380243419
0,1,0.6218419175864937
1,1,0.9272323975288678
1,1,0.9753215828961852
1,1,0.6797093286330601
1,1,0.8894902683193134
0,0,0.22857568465699646
1,1,0.9965402534448866
1,1,0.999783995443899
1,1,0.9523167833013287
0,0,0.06864694328464928
0,0,0.016030828612686607
1,1,0.999016226880745
0,0,0.015555629363363821
1,1,0.8902199670311759
1,1,0.7539788949169225
1,1,0.957275752733905
1,0,0.3040067352582627
1,1,0.833831800527995
1,1,0.9497264498325336
0,0,0.1508101344070682
1,1,0.7787929065349525
1,1,0.9942409339386405
0,0,0.104492677088771
1,1,0.8283040374222125
1,1,0.9989632523774195
1,1,0.7365414313841198
1,1,0.945153927197127
1,1,0.9941652896903262
0,0,0.02328365209978337
1,1,0.9085079132944119
0,0,0.2957401332040899
1,1,0.9948793123366003
0,0,0.2581234744294355
1,1,0.6218419175864937
1,1,0.8748224236345805
1,1,0.9847348579575759
1,1,0.833831800527995
1,1,0.5630800363188778
1,1,0.9990786583943336
1,1,0.9957352084558112
1,1,0.9993581976828159
1,0,0.3757561960036977
1,1,0.6600866657336274
1,1,0.9690788153508466
1,1,0.989240898632412
1,1,0.7343309569614208
0,0,0.021193372233804526
1,1,0.9897855748618359
1,1,0.9963064516362333
1,1,0.9977537219958321
1,1,0.5193306914963889
1,1,0.8927592546702047
0,0,0.22397992651321857
1,0,0.4247571288721397
1,0,0.45384518499957144
1,1,0.9715110721297138
1,1,0.9657725812324998
1,0,0.42293906945549625
0,0,0.03621553555262105
1,1,0.8577573130692545
1,1,0.997538093199016
0,0,0.23089830941187553
1,1,0.9751088291021529
1,1,0.6049339316716666
1,1,0.9975701175261105
1,1,0.9521748226633879
0,0,0.18473975223237615
1,1,0.9979234819975661
1,1,0.9578093559868898
1,1,0.9961586823943323
1,1,0.9764826353972447
1,1,0.8047342155794973
1,1,0.9550761975070822
1,1,0.9984434762641826
0,0,0.0913737382319602
0,0,0.11742752533743928
1,1,0.9856906220381098
1,1,0.9074110491215263
1,1,0.9910307296377243
1,0,0.2514680783856616
0,1,0.7649286592468305
0,0,0.09017841306869392
1,1,0.998818012953577
1,1,0.9800983032435343
1,1,0.6791520490026612
1,1,0.9931261225646032
1,1,0.8356424458179031
1,1,0.9340070744192851
1,1,0.9995997824601953
1,0,0.26915379354438856
1,1,0.5968532247140763
1,1,0.7787929065349525
0,0,0.057959958886643785
1,1,0.9686830815975339
1,1,0.9825034771762856
1,1,0.6739676604361945
1,1,0.9471596902565041
1,1,0.9613699173755036
1,1,0.9849309100990952
1,1,0.9885837927066815
1,1,0.9591502084745178
1,1,0.6841709319594019
1,1,0.9839252302245594
0,0,0.0229870211869999
1,1,0.732875998909476
1,1,0.8759137942754448
1,1,0.891496134868589
1,1,0.9923842412728491
1,1,0.9553192914640279
1,1,0.9331934306372055
0,0,0.12910507926175968
1,1,0.600756389650744
1,1,0.709124360542023
1,1,0.9835047205864631
1,1,0.9596613872803773
1,0,0.24092361984903196
0,0,0.13941721630179002
1,1,0.9962578354602515
1,1,0.9188486095872461
0,0,0.25752611104020917
1,1,0.9165394508117896
0,0,0.08202815355427173
1,1,0.7635873237548603
1,1,0.9998202475920218
1,1,0.9767821730007215
1,1,0.9920220960091088
1,1,0.7480079080498602
1,0,0.12959193811212016
1,1,0.9911963569456695
0,1,0.6727182360710372
1,1,0.9983597107567834
0,0,0.1266595886762311
1,1,0.9952919646920566
1,1,0.9898605700983292
0,0,0.09090321548872823
1,1,0.9471596902565041
1,1,0.9988784003967983
0,1,0.5043536022439713
1,1,0.9931261225646032
1,1,0.74220139580937
1,1,0.8916273593465922
1,1,0.9939665415166078
0,0,0.45059381608500454
0,0,0.009141062821907268
1,1,0.9958992009904442
1,1,0.6954043206532361
0,0,0.007231489962039145
0,0,0.219450284834107
1,1,0.9824055600522487
1,1,0.6231767715329964
1,1,0.9561891445473928
0,0,0.18212625809964691
0,0,0.20625892311083738
0,0,0.07092221198617592
1,1,0.9989495693603937
0,0,0.06456804726101903
1,1,0.9739467683463449
1,1,0.9919878088126319
1,1,0.7055122204140922
0,0,0.09246932798079364
0,0,0.02318554001412145
1,1,0.8108475229279075
1,1,0.9990032423247183
0,0,0.2941918776730937
1,0,0.40247756486052877
1,1,0.9985339099100691
0,0,0.029184150858151445
1,1,0.9928116030451495
0,0,0.13941721630179002
1,1,0.9688549463779016
1,1,0.9281130487029017
1,1,0.9947734435109438
1,1,0.9503494495590957
1,1,0.9567357056102372
0,1,0.6926170306320417
0,0,0.14787195327258265
0,0,0.3993251300585087
0,1,0.6279948715392226
1,1,0.5094951521680844
0,0,0.07092221198617592
1,0,0.4971513958855016
0,0,0.07436706556227889
1,1,0.960665418684045
1,1,0.9989767573406357
1,1,0.6841709319594019
1,1,0.9997335317343093
1,1,0.9952919646920566
1,1,0.8572290336947441
1,1,0.9915956678696458
1,1,0.9471596902565041
0,0,0.10154225924965116
1,1,0.7709334070469199
0,0,0.08335163665768928
1,1,0.9997438177008775
1,1,0.9971567917687515
1,1,0.9989900865622885
1,1,0.987098553863
1,1,0.9989632523774195
0,0,0.05168370021410423
1,1,0.725097052466242
1,1,0.5598482882440099
1,1,0.9799872000358819
1,1,0.8957782354253906
0,1,0.905181845488775
1,1,0.9956222686194779
0,1,0.5616820320104406
0,0,0.005427626964735533
0,0,0.08460142292901757
1,1,0.9934754077841796
1,1,0.9724290077713692
1,1,0.9797281529580852
0,1,0.7734809399678857
1,0,0.29692461460997255
1,1,0.9356067979434932
1,1,0.9989495693603937
1,1,0.9970813878318777
0,0,0.04243459993059169
1,1,0.9965402534448866
1,1,0.7553572798213336
1,1,0.9973566115887953
1,1,0.9990416912395266
1,1,0.9942409339386405
1,1,0.9985229704033362
1,1,0.9824055600522487
0,0,0.09126111012985588
0,1,0.5566114589693543
0,0,0.24412900160167367
1,1,0.9331934306372055
1,1,0.9888136288558578
1,1,0.9998029532956114
0,0,0.034865971735815356
1,1,0.6926170306320417
0,0,0.039229593369560355
1,1,0.8014815806426164
1,1,0.7635873237548603
0,0,0.01754641877314547
0,1,0.8759137942754448
1,0,0.22224597988926817
1,1,0.6756014532431686
0,0,0.07436706556227889
1,1,0.94845817759998
1,1,0.6882203699423939
0,0,0.00867758076605661
1,1,0.988217741321869
1,1,0.9973715452763695
0,0,0.025037712150944916
0,0,0.037410206347692945
1,1,0.9432439605419527
1,1,0.9961586823943323
1,1,0.9736116388813517
1,1,0.9875905097788608
1,1,0.725097052466242
1,0,0.25895219965858385
1,1,0.9966837277692611
1,1,0.9994728346309025
0,1,0.8881934672670667
0,0,0.012905775083209229
1,1,0.982978616943848
1,1,0.7787929065349525
0,0,0.3402942388642615
1,1,0.9997504535256516
0,0,0.2996719581754492
1,1,0.9500807291409852
1,1,0.9680530043693237
1,1,0.9996755673620571
1,1,0.9659598573222623
1,1,0.8561483568377276
1,1,0.961158404555921
1,1,0.8773333521992763
1,1,0.7956500958910758
0,0,0.19277826366648806
1,1,0.9148467050673842
1,1,0.9997600864493149
0,0,0.005219154696553847
0,0,0.003715768862569264
1,1,0.5018528125453431
1,1,0.9990786583943336
1,1,0.5716839081620818
0,1,0.7036801191122987
1,1,0.9912610855446503
1,1,0.9993748158782697
1,1,0.9464989196244509
0,0,0.006600876329233303
1,1,0.8097030202477338
0,0,0.018876620948374962
1,1,0.9637347062126157
1,1,0.988130740774386
0,0,0.015962778817323265
0,0,0.14420898515311042
1,1,0.9879081420988578
1,1,0.9951038079303758
1,1,0.9074110491215263
0,1,0.857062834737182
0,0,0.0973496874988618
1,1,0.5411357816716854
1,1,0.9997600864493149
1,1,0.9975701175261105
1,1,0.9739467683463449
1,1,0.9488209128341282
0,1,0.8356424458179031
0,1,0.7160253918318729
0,0,0.017321583274753454
1,1,0.9860561971341337
0,0,0.07267153740208829
1,1,0.9040493176763258
0,0,0.013074055629508407
0,0,0.4832517952097946
1,1,0.8824247475729603
0,1,0.6511968608195046
1,1,0.8264293405037616
1,1,0.7504738762095161
0,0,0.1351240134799152
1,1,0.967644580471096
0,0,0.49965225636701377
1,1,0.7855018969824368
0,1,0.5029335684897756
1,0,0.2133034070504374
0,0,0.12521479951782996
1,1,0.9871706944635917
1,1,0.8923446546815562
0,0,0.4101800119624223
0,0,0.09469595209198904
1,1,0.9990786583943336
1,1,0.9632731698540008
1,1,0.9690788153508466
1,1,0.9732723168606268
1,1,0.9861340843732987
1,1,0.9971406414471401
0,0,0.07475903444228868
1,1,0.6461998601364052
1,1,0.7288297311580694
1,1,0.6341066189092583
0,0,0.37268251696422416
0,1,0.5777681824588701
1,1,0.9855852333581331
0,0,0.020922800779174203
1,1,0.9948120093151643
0,0,0.20199437637194745
0,0,0.10206166819295083
1,0,0.460359474167805
1,1,0.9854229359398089
0,1,0.7639057066044688
1,1,0.808826214871534
0,0,0.17398682376716623
1,1,0.9430766032052261
0,0,0.24412900160167367
0,0,0.1124057832267802
0,0,0.21721029406639905
1,1,0.9997537067157
0,0,0.4650347266846182
0,0,0.013492539057379774
1,1,0.995952457422236
1,1,0.5841586993356982
0,0,0.028207235811370062
1,1,0.6021180497966391
1,1,0.9985034852405636
0,0,0.08504237840123924
1,1,0.9952919646920566
0,0,0.1998869344515413
0,1,0.9984071139622794
1,1,0.8993975054547774
0,0,0.08392222842189989
1,0,0.2665797352119577
1,1,0.9860561971341337
1,1,0.9952919646920566
1,1,0.9478127499420885
1,1,0.9979505035113935
0,0,0.4930900045985326
1,0,0.3805934353908648
0,0,0.121570274734395
0,0,0.09697046347346389
0,0,0.104492677088771
0,0,0.0651017370943025
1,1,0.9188486095872461
1,0,0.19007756331000564
1,1,0.5936910276503774
0,0,0.02568656777907066
1,1,0.9923944926870453
1,1,0.6813279535497268
1,1,0.979200170437572
1,1,0.9311749804746109
1,1,0.6452108596517707
1,1,0.9437771307735141
1,1,0.9929445787163662
1,0,0.495290268644753
1,1,0.8192315639307824
1,1,0.9992388800846468
1,1,0.9272323975288678
1,1,0.9464989196244509
1,1,0.971872107870952
0,0,0.2393175407372872
1,1,0.9935599380858797
0,0,0.14420898515311042
1,1,0.8207082758338305
0,0,0.05499651873428986
1,1,0.999781142238036
1,1,0.7306460174018553
1,1,0.8609301814829144
1,1,0.8545242877757699
1,1,0.9990664970850345
0,0,0.3888907877888893
1,1,0.669821916918251
1,1,0.9860561971341337
0,1,0.9988216928076604
0,1,0.9997950411934786
1,1,0.9578093559868898
0,0,0.3993251300585087
1,1,0.9323704816004175
0,0,0.19095359613099505
1,1,0.975425424335236
1,1,0.7277056080299026
1,1,0.8128524043954113
1,1,0.7048632008047627
1,1,0.9990786583943336
0,0,0.15461048220582738
1,1,0.6491948685882406
1,0,0.27696951093145666
1,1,0.929844916622636
1,1,0.936393052505093
0,0,0.1594087009313672
0,0,0.034865971735815356
0,0,0.07407002338737045
1,1,0.9641906581790691
1,1,0.9982486476531268
1,1,0.9878563905104335
1,1,0.957275752733905
1,1,0.995929494026525
0,1,0.5681340305229376
1,1,0.9987212891562184
1,1,0.9639940114330198
1,1,0.946874671169969
0,0,0.04213311125972298
1,1,0.9379387810533621
1,1,0.9947047564239382
1,1,0.8497340820560845
0,1,0.6813279535497268
1,1,0.6954043206532361
0,1,0.6669126574455828
1,1,0.6600866657336274
1,1,0.8368478156252998
0,1,0.7649286592468305
1,1,0.864043493678873
1,1,0.7929957550730926
1,1,0.9988334076365699
1,1,0.8828725364006903
0,0,0.01638040758881561
1,1,0.8709331297426269
0,0,0.14622571059764572
0,1,0.7436233293287146
1,1,0.9749274878276297
1,1,0.9148467050673842
0,0,0.27696951093145666
0,0,0.21278001898417884
1,1,0.9757380929297094
1,1,0.725097052466242
1,1,0.9996202446667338
1,1,0.9957905856309633
1,1,0.8409793064938235
1,1,0.9989632523774195
0,0,0.4269092711736498
1,1,0.957275752733905
1,1,0.9168695527814661
1,1,0.8907738779619357
1,1,0.9979505035113935
1,1,0.9315381388708267
1,1,0.9985799189849746
1,1,0.7898917015669282
1,0,0.4788959460176542
0,0,0.06300053417094213
1,1,0.9509651275553892
1,1,0.9990786583943336
1,1,0.9458303585966025
1,0,0.09235548670691973
0,0,0.0105458991234981
1,1,0.9650860570877903
1,1,0.8881934672670667
1,1,0.8801305796948278
1,1,0.9971567917687515
0,0,0.007137867144124469
1,1,0.9948412442463185
0,1,0.8237151784245131
0,0,0.47997489846339436
1,1,0.7504738762095161
0,0,0.31713138294222987
0,1,0.771935000772235
0,0,0.014209508651162514
0,0,0.09929361456921403
0,0,0.17779180836474898
0,1,0.9997600864493149
0,1,0.5713515215575719
0,0,0.07942705252951361
0,1,0.5193306914963889
0,0,0.4734265517962309
1,1,0.6581089088892188
1,1,0.9915333963340822
0,0,0.003093967281684141
0,0,0.1032708433298929
1,1,0.9790479956231849
0,0,0.019763579605345482
0,1,0.7216053931325279
0,0,0.05211682729341111
0,0,0.32792023926809344
0,0,0.010964795972618258
1,1,0.9989632523774195
1,1,0.9965402534448866
1,1,0.9995190886803329
0,0,0.02183697510882356
1,1,0.9985034852405636
1,1,0.9567357056102372
0,0,0.14747901819436557
1,1,0.7277056080299026
1,1,0.9040493176763258
1,1,0.9841315129562445
1,0,0.32542134328098254
1,1,0.9997154627998297
0,1,0.6310560017412638
0,0,0.002444519373180695
0,0,0.08136778138665221
1,1,0.9803527151510523
1,1,0.9843351906678879
1,1,0.9944932617098389
1,1,0.5291512711446451
1,1,0.9386984272454916
0,0,0.11879466311017903
1,1,0.8427267590809823
1,1,0.9839252302245594
0,1,0.6076457936834125
1,1,0.9984229440608903
0,0,0.22857568465699646
1,1,0.7993849495061083
1,1,0.9989074284072331
1,1,0.8787389184869492
1,1,0.9981544166768347
1,1,0.9824055600522487
1,1,0.9969245462884686
0,0,0.01782870332582415
1,1,0.967644580471096
1,1,0.9799872000358819
0,0,0.48980963008114553
0,0,0.2876054292738324
0,0,0.09506721757308213
1,1,0.8067884537668882
0,0,0.016715156886727752
1,1,0.7920617389436475
1,1,0.985770521837321
1,1,0.9752463310205981
1,1,0.9951399479455683
1,1,0.9752463310205981
0,0,0.25253882717212595
0,0,0.12378415498813816
1,1,0.9471596902565041
0,0,0.009629059663962729
1,1,0.9976329248404251
1,1,0.9250483099856532
1,1,0.9727787366042296
1,0,0.47234894891091833
1,1,0.9928116030451495
1,0,0.40700834154640075
0,0,0.06753974235462497
1,1,0.9766529981559756
0,0,0.03972730024922493
0,0,0.0151587047610987
0,0,0.04125698872368679
1,1,0.9988930094407088
1,1,0.9813959485590414
0,0,0.017321583274753454
1,1,0.9080346508480964
1,1,0.9983286239326447
1,1,0.5487173929679993
0,0,0.07436706556227889
0,0,0.005571188612309009
1,1,0.9864125612851161
1,1,0.9864125612851161
1,1,0.8715703158750235
1,1,0.9217367196530776
0,1,0.7145091574861981
1,1,0.8539860451334652
1,1,0.9968430025340256
1,1,0.7744746531830989
0,0,0.056846966274278175
1,1,0.945153927197127
1,1,0.7291783211962118
1,1,0.8454339355070659
1,1,0.9659598573222623
1,1,0.9998154673563113
0,0,0.016663924764731407
1,1,0.9937719962606462
1,0,0.42796728973231485
1,1,0.9983161552290777
1,1,0.9988930094407088
0,0,0.30587238217395174
1,1,0.8444585607455659
0,0,0.012007276776900035
1,1,0.9578093559868898
0,0,0.3757561960036977
1,1,0.9770779849904112
0,0,0.031632224286387324
1,1,0.9945338835642359
0,0,0.0025759497486471353
0,0,0.15025732263294528
1,1,0.9340070744192851
1,1,0.9930872354899577
1,1,0.9976329248404251
1,1,0.994462065721587
1,1,0.9409255171499878
1,0,0.3819334595129907
1,1,0.9958452467486418
0,0,0.1008650585138316
0,0,0.14459468544561088
1,1,0.9659598573222623
0,1,0.6825600194029916
1,1,0.8744801588616613
0,1,0.6341066189092583
1,1,0.8624942438511274
0,0,0.029184150858151445
1,1,0.9808520135924808
1,1,0.9977829476711769
1,1,0.9977241119399108
1,1,0.9085079132944119
0,0,0.04320536360826838
0,0,0.27810850111587665
1,1,0.8744801588616613
1,0,0.40743427848051234
1,1,0.9936074005830622
0,0,0.03667646275428392
1,1,0.9997404339246778
1,1,0.9998154673563113
1,1,0.8602486702982521
1,1,0.9707754587185996
0,0,0.017099578619688312
0,0,0.02047829952370021
0,0,0.05380676187092561
1,1,0.8787389184869492
1,1,0.9980034983315873
1,1,0.7742374910813976
1,1,0.9655256267148101
0,0,0.47997489846339436
1,1,0.9976329248404251
1,1,0.9898428451388604
0,1,0.6444959088023637
1,1,0.8738553200392151
1,1,0.9561891445473928
1,1,0.9990786583943336
1,1,0.9694697060533404
1,1,0.998608791894743
1,1,0.7109366284229244
1,1,0.999781142238036
1,1,0.9950481427182152
1,1,0.9222721005147094
1,1,0.7696160154928903
1,1,0.9970813878318777
0,0,0.29030214908412755
0,0,0.4247571288721397
0,1,0.5127748588254253
0,0,0.07436706556227889
1,1,0.9623330924568283
1,1,0.9931261225646032
0,0,0.2199854952182874
0,0,0.06698749834357998
1,1,0.9556359989121206
1,1,0.9984837434173711
0,0,0.43580176406492793
1,1,0.9997404339246778
0,0,0.09394403390150036
0,0,0.1160740486901033
1,1,0.9982255500207126
1,1,0.9992777810715847
0,0,0.46907887224132155
0,1,0.7601756530104969
1,1,0.9945646772033089
1,0,0.098005858903206
1,1,0.9988024153615671
1,1,0.9970813878318777
1,1,0.9914855760974721
1,1,0.5476466484354661
1,1,0.998508142844234
0,0,0.06300053417094213
1,1,0.9995670043173549
1,1,0.992327767429788
1,1,0.9941219447927596
0,0,0.1258383383537607
1,1,0.669821916918251
1,1,0.9503494495590957
1,1,0.9274427536206374
1,1,0.8301626473181773
1,0,0.39514729610041516
1,1,0.9340070744192851
0,0,0.3221612162133262
1,1,0.972312864176744
0,0,0.002786425409685133
0,0,0.021193372233804526
1,1,0.9990541754036983
0,0,0.11505160961520386
1,1,0.9969245462884686
1,1,0.8715703158750235
0,0,0.040863110034964484
1,1,0.9812345545944746
1,1,0.582349068335818
1,1,0.9639940114330198
1,1,0.5487173929679993
1,1,0.7036801191122987
1,1,0.8568465361534722
1,1,0.994974231794854
1,1,0.5076344647296784
0,0,0.12236756981195657
1,0,0.21721029406639905
0,0,0.13629735824302497
1,1,0.9988024153615671
1,1,0.9837163102862061
1,1,0.9980551255096889
1,1,0.9989900865622885
0,1,0.6310560017412638
0,0,0.0973496874988618
1,1,0.9944932617098389
0,0,0.2539467440365562
0,0,0.10950845255247452
1,1,0.9939323798336761
1,1,0.9637347062126157
1,1,0.9973715452763695
1,1,0.8759137942754448
1,1,0.6756014532431686
0,0,0.12096495798363993
0,1,0.999781142238036
1,1,0.725097052466242
1,1,0.5010723647875496
1,1,0.7898917015669282
1,1,0.9975701175261105
1,1,0.9729287528945916
1,1,0.9340070744192851
0,0,0.04125698872368679
0,0,0.27434876526483226
1,1,0.9458303585966025
1,1,0.976046881051989
1,1,0.9799872000358819
0,0,0.39754069773949574
1,1,0.8828725364006903
0,0,0.06864694328464928
1,1,0.9550761975070822
1,1,0.9879081420988578
1,1,0.9117286857097701
1,1,0.8076723828330186
0,0,0.08770117183372211
1,1,0.9379387810533621
1,1,0.9990541754036983
0,0,0.004580113627008607
1,1,0.5519654636702351
0,0,0.05850858097625025
0,0,0.04795734174022257
0,0,0.12875447773522522
0,1,0.8495606894272887
1,1,0.5958125627485996
1,1,0.8868833838387831
0,1,0.9997471573763771
1,1,0.9937719962606462
0,0,0.18473975223237615
1,1,0.9990032423247183
1,0,0.43118352638737417
0,0,0.16236894118010922
0,0,0.046001099724027196
1,1,0.999783995443899
1,1,0.867097868249014
0,0,0.014314172474355466
0,1,0.6491948685882406
1,1,0.9971567917687515
1,1,0.9005789014422874
1,1,0.9888762873990151
1,1,0.6639906230006533
0,0,0.20625892311083738
0,0,0.021903757162942496
1,1,0.9747882605821729
1,1,0.8759137942754448
1,1,0.9980294806572038
1,1,0.9847348579575759
1,1,0.9826310000035982
1,1,0.9455385814285739
0,0,0.3652481670519436
1,1,0.9085079132944119
1,1,0.9997471573763771
1,1,0.9989767573406357
0,0,0.07942705252951361
0,0,0.01402682102375171
1,1,0.9973566115887953
0,0,0.31930169780180995
1,1,0.8168130052473578
0,0,0.18081877312111666
1,1,0.6688651115111542
1,1,0.6772309797928197
0,1,0.8528850338178776
1,1,0.9900475886709849
1,0,0.3308194300815476
0,1,0.5338340408145419
1,1,0.9904281828946487
1,1,0.9672311118572204
1,1,0.9207846222951895
1,1,0.9990664970850345
1,1,0.9623330924568283
1,1,0.8067884537668882
1,1,0.9148467050673842
1,1,0.5403605107407691
0,0,0.09394403390150036
1,1,0.9990786583943336
1,1,0.7277056080299026
1,0,0.08392222842189989
1,1,0.9990786583943336
0,1,0.5468731665801561
1,1,0.9987252697540457
0,0,0.025037712150944916
1,1,0.979840664709651
1,1,0.9973566115887953
1,1,0.9877503426510629
0,0,0.21058974431144428
0,0,0.14676625154848327
0,0,0.15883026536650402
1,1,0.9990786583943336
1,1,0.9893797032678032
1,1,0.9348115009810352
0,0,0.35747213152375323
0,0,0.09457965524980733
1,1,0.8993975054547774
1,1,0.8773333521992763
0,1,0.6743552647346407
1,0,0.3836924529311955
1,1,0.94284407934631
0,0,0.016030828612686607
1,1,0.9996202446667338
0,0,0.019451266574351138
0,0,0.027033749815347705
1,1,0.8593512297801803
1,1,0.9954472520801023
1,1,0.9998154673563113
1,1,0.9966295906257848
1,1,0.9761793276426217
1,1,0.9846225398842892
1,1,0.9990416912395266
0,1,0.9997438177008775
1,1,0.9148467050673842
0,0,0.0558470473700449
1,1,0.9925670888904403
0,0,0.3412654236986259
1,1,0.907047196185222
0,0,0.105319211410628
1,1,0.6156494798601746
1,1,0.936393052505093
1,1,0.709124360542023
1,1,0.6639906230006533
1,1,0.9990786583943336
1,1,0.8881934672670667
0,1,0.5950605422685905
0,0,0.4930900045985326
0,0,0.193663767262829
1,1,0.9367305482825321
1,1,0.985629517805803
1,1,0.9164355643616748
1,0,0.43763318296806936
1,1,0.953356138257564
1,1,0.9323704816004175
1,1,0.9127793170637408
1,1,0.9821772470885347
0,1,0.5638479170757674
1,1,0.8427267590809823
1,1,0.9986970460363072
1,1,0.9990786583943336
1,1,0.9696373892115588
0,0,0.3164557111391912
1,1,0.9915118898696204
0,0,0.47997489846339436
1,0,0.39304545765000864
1,1,0.9063023912515848
0,0,0.028814565978298217
1,1,0.9969645273089213
1,1,0.6639906230006533
1,1,0.9826310000035982
0,0,0.04297115017511778
1,1,0.767280559249213
0,0,0.04736161354773641
1,1,0.9541853059163352
1,1,0.8521708670637577
1,1,0.991449002937603
0,1,0.5649107797104264
1,1,0.9694697060533404
1,1,0.5018528125453431
0,0,0.22224597988926817
1,1,0.9968430025340256
1,1,0.9952919646920566
1,0,0.40247756486052877
1,1,0.722473037573032
1,1,0.9818135670692989
0,0,0.08235427159070413
0,0,0.2860824610014952
0,0,0.23323739939984725
1,1,0.9891947886820509
1,1,0.9207846222951895
0,0,0.011400140240040872
0,0,0.16295776743320262
0,1,0.6551495781507026
1,1,0.9990487925398794
1,1,0.9940551833852757
1,1,0.6870001989671739
0,0,0.028814565978298217
1,1,0.9989074284072331
1,1,0.9989216597640695
0,0,0.06046963608046252
1,1,0.964894148389403
0,0,0.018714289044536606
0,0,0.2887706892136082
1,1,0.8655780088401652
1,1,0.9888762873990151
0,1,0.999808057640241
1,1,0.7577746175183566
1,1,0.8577573130692545
1,1,0.8168130052473578
0,0,0.06801012318720433
1,1,0.999783995443899
1,1,0.9379387810533621
0,0,0.04486271727183102
1,1,0.9488209128341282
1,1,0.9861340843732987
1,1,0.9921832580457313
0,1,0.8554473468583531
0,0,0.07267153740208829
1,1,0.9988635987754916
0,0,0.2676918179728595
1,1,0.7977758856803244
1,1,0.8715703158750235
1,1,0.9932651335179687
1,1,0.9997950411934786
0,0,0.029184150858151445
0,0,0.3591839377459085
0,0,0.012739632572622202
1,1,0.9989843393277488
0,0,0.1047851588793342
0,0,0.22299414085085253
1,1,0.9845362951814395
1,1,0.9978961049706292
1,1,0.8200712622806398
1,1,0.998943591793622
0,0,0.1089557442063036
1,1,0.9976810072030493
1,1,0.8801305796948278
1,1,0.9732723168606268
1,1,0.7145091574861981
1,1,0.9786587360971257
0,0,0.010964795972618258
1,1,0.717536756921849
1,1,0.9994444340021078
1,1,0.9818135670692989
0,0,0.12297892338587808
1,1,0.8374372079450197
0,0,0.029395825209870826
1,1,0.9944932617098389
0,1,0.5389493341522548
1,1,0.606290681356499
1,1,0.8409793064938235
1,1,0.5616820320104406
1,1,0.9783828726029067
1,1,0.971957322527678
0,0,0.009022942324410988
1,1,0.9575792081210092
1,1,0.9700214371323971
1,1,0.9985229704033362
0,0,0.019451266574351138
1,0,0.3324696470520044
1,0,0.28788360792473694
0,0,0.04351417635897405
0,1,0.5841586993356982
1,1,0.8461747736406364
1,1,0.6000073923047792
0,0,0.017099578619688312
1,1,0.9682824489510732
1,1,0.7625603459284828
1,1,0.7742374910813976
1,1,0.717178994297654
0,0,0.37135544864508946
1,1,0.7277056080299026
1,1,0.9949081699485981
0,1,0.8148408881119475
1,1,0.5873435184767087
1,0,0.4930900045985326
1,1,0.9845362951814395
1,1,0.8609301814829144
1,0,0.2651266692045015
0,1,0.9997663009673536
1,1,0.995506351417736
1,1,0.9990786583943336
1,0,0.4552535597260008
1,1,0.6639906230006533
1,1,0.9619688003110206
0,1,0.8759137942754448
1,1,0.9983810648800903
1,1,0.9682824489510732
1,1,0.9984434762641826
1,1,0.9662038101416521
1,1,0.8392161424231319
1,1,0.9561891445473928
0,0,0.017027070558486134
1,1,0.999016226880745
1,1,0.606290681356499
0,0,0.09533612558059962
1,1,0.9583365848724275
1,1,0.9997078967896668
1,1,0.9464989196244509
1,1,0.9717164063650301
0,0,0.028449524323280403
1,1,0.9985611840126101
0,0,0.2876054292738324
0,0,0.1867247643405534
1,1,0.6972655766749078
1,1,0.9972302530153422
0,0,0.2728691073196614
1,1,0.9758722047289811
1,1,0.9945338835642359
1,1,0.9973715452763695
0,0,0.104492677088771
0,0,0.11473414426726604
1,0,0.3337315250174869
0,0,0.033280586311671585
1,1,0.9987956014118017
1,1,0.7787929065349525
0,0,0.4654737220256729
1,1,0.9866623203571583
1,1,0.9931261225646032
1,1,0.5936910276503774
1,0,0.21058974431144428
1,1,0.9957352084558112
0,0,0.10572726239094708
1,1,0.9739467683463449
1,1,0.9983065792745378
1,1,0.9952919646920566
1,1,0.8593512297801803
1,1,0.8226315028640137
1,1,0.8679534748321741
1,1,0.550896118184577
0,1,0.7009359908554015
0,0,0.19162236949017258
0,0,0.00634762778607902
1,0,0.4006884424576215
1,0,0.17779180836474898
0,1,0.722473037573032
1,1,0.9984434762641826
1,1,0.9976329248404251
1,1,0.5291512711446451
1,1,0.999783995443899
1,1,0.9973018213466317
1,0,0.3757561960036977
1,1,0.9352637220522516
0,0,0.1512103705413121
1,1,0.9899174241750905
0,0,0.1491369061616302
0,0,0.4344055782954354
0,1,0.8907738779619357
0,1,0.7696160154928903
1,0,0.24092361984903196
0,0,0.004019001580000237
0,1,0.5476466484354661
1,1,0.9844225392314909
0,1,0.9998154673563113
1,1,0.9749274878276297
1,1,0.9521748226633879
1,1,0.9997001296552259
1,1,0.9950394408223829
0,0,0.36961909343300225
0,1,0.5338340408145419
0,0,0.012978340027330254
1,1,0.9707754587185996
1,1,0.8730323608421324
1,1,0.936393052505093
1,1,0.9990786583943336
1,1,0.9713534310234331
0,0,0.4109354921047344
1,1,0.7455258332576096
1,1,0.9997923338607022
0,0,0.36829652922204437
1,1,0.9356067979434932
1,1,0.9947438263796282
1,1,0.9337401057907597
1,1,0.9383707380191223
1,1,0.9977829476711769
1,1,0.9975241034122079
1,1,0.7405135975921033
0,0,0.1508101344070682
1,1,0.9632731698540008
1,1,0.9773701154365209
1,1,0.9990786583943336
0,0,0.011852562196396726
0,0,0.022694081509844324
1,1,0.998901211297482
0,0,0.13475959596459955
0,0,0.18362109288406187
1,1,0.6551495781507026
0,0,0.008906334456310163
0,0,0.015421407851112245
1,1,0.9997600864493149
1,1,0.7625603459284828
1,1,0.8495606894272887
1,1,0.9954808685609198
0,1,0.6107705877520495
0,0,0.26830424075567666
1,1,0.9640410936109959
1,1,0.6926170306320417
1,1,0.9990541754036983
1,1,0.7984724355203551
1,1,0.7009359908554015
0,1,0.864043493678873
1,1,0.9852074958879128
0,1,0.6341066189092583
1,1,0.6813279535497268
1,1,0.9688549463779016
1,1,0.7529236836661327
0,0,0.046580551737227346
1,1,0.9980551255096889
0,0,0.3514655214452975
0,0,0.01623918688385324
1,1,0.8773333521992763
1,0,0.3370505180734485
0,0,0.4920094638555109
1,1,0.9106666373941757
1,1,0.8067884537668882
1,1,0.8597281305212638
0,0,0.1621844236436127
1,1,0.9988930094407088
1,1,0.867097868249014
0,0,0.10154225924965116
1,1,0.9975701175261105
1,1,0.92267833460008
1,1,0.6813279535497268
1,1,0.9990786583943336
1,1,0.9990032423247183
1,1,0.8427267590809823
0,0,0.005644379135219405
1,1,0.9198219498933217
1,1,0.9933523698297859
1,1,0.6898156115938644
0,0,0.30587238217395174
0,0,0.11209469382025065
0,0,0.3040067352582627
1,1,0.8264293405037616
1,1,0.9997471573763771
0,1,0.6384587556396714
1,1,0.7236105579443447
1,1,0.995564687003552
1,1,0.9074110491215263
1,1,0.9990032423247183
1,0,0.4014383391104769
0,0,0.02101154380373551
0,0,0.16944547850131558
1,1,0.7198336535445193
1,1,0.5777681824588701
0,0,0.15290268139526889
1,1,0.905818902943066
0,1,0.5559799123282378
1,1,0.9925250630399498
1,1,0.9770779849904112
0,0,0.3257193749725084
1,1,0.5062146279372253
0,0,0.0037646764097772688
1,1,0.5389493341522548
1,1,0.9752463310205981
1,1,0.6125390065570249
1,1,0.8427267590809823
0,0,0.27810850111587665
1,1,0.9848200123041569
1,1,0.9945742073960828
0,0,0.3337315250174869
0,0,0.16475603233975883
1,1,0.5127748588254253
0,0,0.3591839377459085
1,1,0.6981773500132223
0,1,0.6898156115938644
1,1,0.9717164063650301
1,1,0.9702371790061035
1,1,0.9947047564239382
1,1,0.9666297937537685
1,1,0.8452032178905385
1,1,0.9812345545944746
1,1,0.9932151471771151
0,0,0.16657019243080717
1,1,0.7742374910813976
0,0,0.027147693442162227
1,1,0.9742777541456007
1,1,0.9978683677731486
0,0,0.45200045140358514
1,1,0.9579353303759283
1,1,0.9561891445473928
0,0,0.007045447816398047
1,1,0.9946047751011912
0,0,0.012163986026919003
1,1,0.8692501138755164
1,1,0.9984021414494438
1,1,0.9989632523774195
0,1,0.9986389247093332
1,1,0.945153927197127
0,0,0.468301478141243
1,1,0.608389823206534
1,1,0.9974727760224698
0,0,0.05168370021410423
1,1,0.8128524043954113
0,0,0.29301375436369714
0,1,0.5454651658109888
0,0,0.0942100956151464
1,1,0.9981300786113295
1,1,0.7102946546087838
1,1,0.9982255500207126
1,1,0.9954472520801023
1,1,0.9995315428759923
1,1,0.5468731665801561
1,1,0.9941652896903262
1,1,0.910059114977725
1,1,0.9851244823542966
0,0,0.2542039840013865
1,1,0.9818135670692989
0,0,0.21058974431144428
0,1,0.7198336535445193
1,1,0.9694697060533404
0,0,0.01617026715663904
1,1,0.9320114161519746
0,0,0.2860824610014952
1,1,0.7405135975921033
0,0,0.033280586311671585
1,1,0.9522551103700463
1,1,0.9583365848724275
1,1,0.9932151471771151
0,0,0.003053746321318288
0,0,0.031632224286387324
0,0,0.027732861629862163
0,0,0.018956853240403033
0,1,0.5324201654002287
0,1,0.6341066189092583
0,0,0.3561684739429857
0,1,0.7075863270061838
1,1,0.9872646413638971
0,1,0.8067884537668882
0,0,0.0906455582471133
1,1,0.5630800363188778
0,1,0.5809668365160402
1,1,0.7706216556336375
1,1,0.9616454584490318
0,0,0.006430952678423605
1,1,0.767280559249213
1,1,0.9924270528154672
1,1,0.9787770546969996
1,1,0.9958992009904442
0,0,0.016663924764731407
0,1,0.8773333521992763
1,1,0.8815084230469536
0,0,0.019202499894647198
1,1,0.985770521837321
1,1,0.9908460245269309
0,0,0.031727990609291344
1,1,0.783282132333204
1,1,0.9168695527814661
1,0,0.22224597988926817
0,0,0.045048328311620076
0,0,0.022310296012481277
0,0,0.24655915556902802
1,1,0.9990786583943336
1,1,0.9885837927066815
1,0,0.4408660760531916
0,0,0.12251341179336096
1,1,0.9957352084558112
0,1,0.7145091574861981
1,1,0.8787389184869492
1,1,0.6482096824627267
1,1,0.9806632266921517
1,1,0.5037139884373457
1,1,0.9967166285527443
0,0,0.3591839377459085
0,0,0.104492677088771
1,1,0.979200170437572
0,0,0.45710049560166466
0,0,0.24275780444126638
0,1,0.9686830815975339
1,1,0.9998202475920218
0,0,0.22857568465699646
0,0,0.032446290176066414
1,1,0.9936433802501204
1,1,0.9990786583943336
0,0,0.4344055782954354
0,0,0.020278598243885095
1,1,0.9799872000358819
1,1,0.6584142415477146
1,1,0.998634674850593
1,1,0.9826310000035982
0,0,0.098005858903206
1,1,0.6926170306320417
1,1,0.9983286239326447
1,1,0.9268481927492127
0,0,0.14259669780487794
0,0,0.19162236949017258
1,1,0.9865873599531256
1,1,0.8264293405037616
0,0,0.13784987247576191
1,1,0.9879081420988578
0,0,0.21058974431144428
1,1,0.9932361521857856
0,1,0.674653261084156
0,1,0.5745629918530176
1,1,0.9970813878318777
0,0,0.46362184572478005
0,1,0.870093940428941
1,1,0.6107705877520495
0,0,0.05778974075767668
0,0,0.16295776743320262
1,1,0.9613699173755036
0,1,0.6461998601364052
0,0,0.1998869344515413
0,0,0.03545790896615168
1,1,0.9471596902565041
0,0,0.003390692475061666
1,1,0.9997723545464189
1,1,0.8461747736406364
1,1,0.9997040386936489
1,0,0.46362184572478005
1,1,0.905181845488775
1,1,0.8067884537668882
1,1,0.6898156115938644
1,1,0.9817118608166338
1,1,0.864043493678873
0,0,0.26318221428706357
0,0,0.01782870332582415
1,1,0.870093940428941
1,1,0.9990032423247183
0,0,0.01562197102338649
1,1,0.9988370396185319
1,1,0.9409255171499878
0,0,0.36829652922204437
1,1,0.9641906581790691
0,0,0.3868009466050503
0,1,0.8264293405037616
1,1,0.6249234388913723
0,0,0.0037646764097772688
0,0,0.22452300640056067
1,1,0.6898156115938644
0,1,0.5809668365160402
0,0,0.11639473404865454
0,0,0.0612196453016078
0,0,0.12251341179336096
1,1,0.9989074284072331
1,1,0.8787389184869492
1,1,0.9553945476079683
0,0,0.0885048619138289
1,0,0.2887706892136082
0,0,0.19162236949017258
0,1,0.6564318186547718
1,1,0.9991872966058165
1,1,0.9825034771762856
1,1,0.9545096685716913
1,1,0.9990786583943336
0,1,0.5062146279372253
1,1,0.9910307296377243
1,1,0.9933237613678089
1,0,0.43763318296806936
1,1,0.979200170437572
1,1,0.8957782354253906
1,1,0.8427267590809823
1,1,0.8108475229279075
1,0,0.3412654236986259
1,1,0.7405135975921033
0,0,0.16295776743320262
1,1,0.9899174241750905
1,1,0.7515360974250898
1,1,0.5324201654002287
1,1,0.7886534512847733
0,0,0.05431833848028511
1,1,0.9969645273089213
1,0,0.48653013295047287
1,1,0.9888136288558578
1,1,0.9922708780726011
0,0,0.020806752865935044
1,1,0.9984434762641826
1,1,0.9812345545944746
1,1,0.7430277094045845
0,0,0.1500841027034897
0,0,0.1258383383537607
1,0,0.015873795539852235
1,1,0.9829490687236798
1,1,0.9241331832365862
1,1,0.7277056080299026
0,0,0.1491369061616302
0,0,0.15176606243032412
1,1,0.9915956678696458
1,1,0.9846492333711847
0,1,0.606290681356499
0,0,0.08291865340595996
1,1,0.9742777541456007
1,1,0.8795299937710516
1,1,0.9641906581790691
1,1,0.9879081420988578
1,1,0.8545242877757699
1,1,0.9920220960091088
1,1,0.7302986177767873
0,0,0.014963998834290443
1,1,0.9983597107567834
1,1,0.9976810072030493
1,1,0.7294462768942126
1,1,0.9936433802501204
1,1,0.9112704562853471
0,1,0.6669126574455828
1,1,0.8821004679377775
0,0,0.07267153740208829
1,1,0.9644468235084439
0,0,0.0714143458659078
1,1,0.9702371790061035
1,1,0.9827276845606023
0,0,0.06146857485706154
1,1,0.864043493678873
1,1,0.5519654636702351
1,1,0.9828536017782011
1,1,0.9988486020440475
0,0,0.49965225636701377
1,1,0.5174719788573988
0,0,0.24035316532682782
1,1,0.996056912549015
0,0,0.20411836904905512
1,1,0.9952919646920566
1,1,0.8624942438511274
1,0,0.016663924764731407
0,1,0.6371465157037023
1,1,0.8505097334249896
0,0,0.14420898515311042
1,1,0.9881514177142575
1,1,0.9942733684211448
1,1,0.9984229440608903
1,1,0.8725523827789783
1,1,0.6358322295712205
1,1,0.9272323975288678
1,1,0.9936902316937875
0,0,0.12236756981195657
1,1,0.9481797793189979
0,0,0.253128565985703
1,1,0.9453155312484406
1,1,0.808826214871534
0,0,0.20108028096858285
0,0,0.4261456689838538
0,0,0.03545790896615168
1,1,0.9423678801869569
1,1,0.9933523698297859
1,1,0.7430277094045845
1,1,0.5584480521592965
1,1,0.9763518343898988
0,0,0.02612688042109327
0,0,0.046191192835000956
0,0,0.011852562196396726
1,1,0.936393052505093
1,1,0.6323775590645134
1,1,0.5501236282825668
0,0,0.15249877069981357
1,1,0.7379835624778777
1,1,0.8801305796948278
1,1,0.6954043206532361
1,1,0.9810969763270047
1,0,0.2996719581754492
1,1,0.8773333521992763
1,1,0.9885195057037858
1,1,0.8920443875695183
1,1,0.9947047564239382
1,1,0.8264293405037616
1,1,0.9684564407767535
1,1,0.9862355163562156
1,1,0.8686031518199351
1,1,0.9817118608166338
0,0,0.48794931719989143
1,1,0.987975810895327
1,1,0.8495606894272887
1,1,0.9503494495590957
1,1,0.9810969763270047
1,1,0.8528850338178776
1,1,0.7932852545510745
0,0,0.08665668149787262
0,0,0.3164557111391912
1,1,0.8759137942754448
1,1,0.9254412075795885
1,1,0.9998105600217538
1,1,0.9837163102862061
0,1,0.8218011564316193
1,0,0.12910507926175968
1,1,0.9722286990519942
1,1,0.8264293405037616
1,1,0.9974249233336536
0,0,0.20411836904905512
0,1,0.5346108390520795
1,1,0.9698558090130334
1,1,0.9996712823997174
1,1,0.9966295906257848
1,1,0.7898917015669282
1,1,0.9928520295025299
1,1,0.9386984272454916
1,1,0.717178994297654
1,1,0.9998029532956114
1,1,0.9924270528154672
0,0,0.15420288138403795
0,0,0.05972823071330779
0,0,0.42155330232066085
1,1,0.9885195057037858
1,1,0.9588575083281586
1,1,0.9821772470885347
1,1,0.6551495781507026
1,1,0.9894392249066382
1,1,0.9990362373945455
1,1,0.9990854860098612
1,1,0.6156494798601746
1,1,0.7942152027524895
1,1,0.8117172157704321
0,0,0.015555629363363821
1,1,0.9990786583943336
1,1,0.9991978854498987
0,1,0.5403605107407691
1,1,0.9960050249955575
1,1,0.9963064516362333
1,1,0.6981773500132223
0,0,0.02047829952370021
0,0,0.06884680427969235
1,1,0.6125390065570249
1,1,0.9985422022326536
1,1,0.9241331832365862
0,0,0.08640991662049079
1,0,0.12521479951782996
1,1,0.8649157005445172
1,1,0.6717657108689779
0,0,0.018714289044536606
0,0,0.08104522478126257
1,1,0.8849829895168005
0,0,0.4088064340514669
0,0,0.4183560664835209
1,1,0.5207485194753637
1,1,0.870093940428941
0,0,0.018714289044536606
1,1,0.8346173697118611
1,1,0.9148467050673842
1,1,0.9952300593038914
0,0,0.03621553555262105
1,1,0.9707754587185996
1,1,0.9409255171499878
1,1,0.9531028877207904
0,0,0.3353889878093686
1,1,0.8765298774311008
1,1,0.7529236836661327
1,1,0.9923708939962581
1,1,0.9976941124712991
1,1,0.9947438263796282
1,1,0.9968014260136875
0,1,0.6401754880799728
1,1,0.5454651658109888
1,1,0.8444585607455659
0,0,0.47997489846339436
1,1,0.7625603459284828
0,0,0.040863110034964484
0,0,0.46362184572478005
1,1,0.7920617389436475
0,0,0.4088064340514669
1,1,0.962126645589018
1,1,0.9680530043693237
1,1,0.7048632008047627
1,1,0.9977241119399108
1,1,0.9990786583943336
1,1,0.9936074005830622
1,1,0.6954043206532361
1,1,0.9203692976432407
1,1,0.9930872354899577
1,1,0.9944209131415381
0,0,0.1247420282618294
1,1,0.9987543782768065
0,0,0.06781251417606367
1,1,0.516053465833837
0,1,0.6954043206532361
0,0,0.016450207985464087
1,1,0.9127793170637408
1,0,0.4088064340514669
0,1,0.6310560017412638
0,0,0.4846704431051543
1,1,0.9863124158586893
1,1,0.9553945476079683
1,1,0.9947047564239382
0,1,0.6954043206532361
1,1,0.8047342155794973
1,1,0.9968430025340256
1,1,0.8815084230469536
0,1,0.8427267590809823
1,1,0.9746046446726361
1,1,0.8480504490450339
0,0,0.01688037044309907
0,1,0.5356862788728501
1,1,0.7696160154928903
1,1,0.9877503426510629
0,0,0.11110290112365157
1,1,0.929844916622636
0,1,0.5727421449606109
0,0,0.1512103705413121
1,1,0.9409255171499878
1,1,0.5422090548737454
1,1,0.9998029532956114
0,0,0.39754069773949574
0,1,0.9320114161519746
0,0,0.29848116991531526
1,0,0.39514729610041516
1,1,0.7009359908554015
1,1,0.9987866121925764
1,1,0.6756014532431686
1,0,0.3561684739429857
1,1,0.8108475229279075
1,1,0.9982486476531268
1,1,0.9985799189849746
0,1,0.7877050876325817
1,1,0.9922271905545811
0,0,0.03972730024922493
1,1,0.9509651275553892
0,0,0.21624600047733367
0,0,0.06071571320750395
1,1,0.992956929443121
1,1,0.9984837434173711
1,1,0.890352545079062
1,1,0.9924270528154672
0,0,0.02065561075881877
0,0,0.3209220144760274
0,0,0.027496503792135852
0,1,0.5272959680260668
1,1,0.9984637415633683
0,0,0.11684009231060921
0,0,0.47997489846339436
1,1,0.9957352084558112
0,1,0.5280740297146835
0,0,0.07054882604786486
0,0,0.10356030063092296
0,0,0.007422408015643323
1,1,0.7302986177767873
1,1,0.9849309100990952
1,1,0.5043536022439713
1,0,0.18893407234511994
0,0,0.00686415882252713
0,0,0.0321337075935028
1,1,0.9989632523774195
1,1,0.9951399479455683
1,1,0.9793155507027861
1,1,0.9810969763270047
1,1,0.8291103836208342
1,1,0.8624942438511274
1,1,0.9934754077841796
1,1,0.7302986177767873
1,1,0.9198219498933217
1,1,0.9952919646920566
1,1,0.9713534310234331
0,0,0.0049535322118045896
1,0,0.11473414426726604
1,1,0.7490771169077037
1,1,0.9074110491215263
1,1,0.870093940428941
1,1,0.9178645083054527
0,0,0.27696951093145666
1,1,0.9803527151510523
1,1,0.8957782354253906
1,1,0.6910297432493927
0,0,0.43763318296806936
1,1,0.7593866238583133
1,1,0.9704903124041065
0,0,0.08435997006929832
1,1,0.905181845488775
0,0,0.31998060159149994
1,1,0.7742374910813976
1,1,0.9348115009810352
1,1,0.8386319570383428
0,0,0.33277094951561453
1,1,0.9940447470057971
1,1,0.9785026870286089
0,1,0.7145091574861981
1,1,0.6659516258880198
1,1,0.767280559249213
1,1,0.9752463310205981
0,0,0.2600437448983261
0,1,0.7577746175183566
1,1,0.9289838583011274
0,0,0.01082336667733762
1,1,0.8845422139881375
1,1,0.8469127038946063
0,0,0.3965057604115763
1,1,0.9810969763270047
0,0,0.20677048397852063
1,1,0.674653261084156
0,0,0.3514655214452975
1,1,0.9074110491215263
1,1,0.9371703514327611
1,1,0.9873358651733425
0,1,0.7963520987710089
1,1,0.6688651115111542
1,0,0.36221056877972035
1,1,0.9987212891562184
1,1,0.9998029532956114
0,1,0.5291512711446451
0,0,0.26830424075567666
1,1,0.8097030202477338
1,0,0.2385314261731755
1,1,0.9895167361425952
1,1,0.9880639333464989
0,0,0.02968259165624343
0,0,0.2514680783856616
1,1,0.9781035229986774
0,0,0.19277826366648806
1,1,0.9911963569456695
1,1,0.9618544242658131
0,0,0.02328365209978337
0,0,0.02514346015704223
1,1,0.8539860451334652
0,0,0.04917020719750738
1,1,0.9790479956231849
0,0,0.03190296623191163
1,1,0.9639940114330198
1,1,0.8945464740396184
1,1,0.9990786583943336
1,1,0.7405135975921033
1,1,0.9581091872286636
1,1,0.7641504159764789
1,1,0.9379387810533621
0,0,0.006024920886060122
1,1,0.9471596902565041
1,1,0.9998202475920218
1,1,0.964641087930725
0,1,0.5968532247140763
1,1,0.9641906581790691
0,0,0.3425435546907932
1,1,0.9509651275553892
0,1,0.999783995443899
0,0,0.002444519373180695
0,0,0.008791220199530735
1,1,0.9952919646920566
1,1,0.9953267223975811
1,1,0.9995063035464298
0,1,0.8454339355070659
0,0,0.016450207985464087
0,0,0.020216668698376114
1,1,0.8444585607455659
1,1,0.5473103791275005
1,1,0.5051339864277213
1,1,0.9941652896903262
0,0,0.04057231339226603
1,0,0.20319710930077298
0,0,0.002974861536338539
1,1,0.9990786583943336
1,1,0.6156494798601746
1,1,0.8920443875695183
1,1,0.927733131270129
1,1,0.9797900623111621
1,1,0.9975241034122079
1,1,0.9976637184926244
1,1,0.9987706007437336
1,1,0.9952919646920566
1,1,0.7009359908554015
0,0,0.06949087458671113
0,0,0.03682951067971156
1,1,0.9659598573222623
1,0,0.4325772766864919
1,1,0.9188486095872461
0,1,0.7302986177767873
1,1,0.9941652896903262
0,0,0.009882645676221493
1,1,0.9729287528945916
0,0,0.003053746321318288
1,1,0.8957782354253906
1,1,0.9085079132944119
1,1,0.9868339488296043
0,0,0.2860824610014952
1,1,0.9578093559868898
0,0,0.02107585590603512
1,1,0.9978683677731486
1,1,0.7898917015669282
1,1,0.6972655766749078
1,1,0.919402019766164
1,1,0.9674662609234929
1,1,0.8461747736406364
1,1,0.9922708780726011
0,0,0.3744247154174612
0,0,0.06864694328464928
0,0,0.24035316532682782
1,1,0.6870001989671739
1,1,0.9550761975070822
0,0,0.10572726239094708
1,1,0.9977241119399108
0,0,0.12536355020077064
1,1,0.9859534625487603
1,1,0.9995944969705087
1,1,0.9127793170637408
1,1,0.9989767573406357
1,1,0.8964712470361417
0,0,0.024094274087126454
1,1,0.9095930779827923
0,0,0.023354752762042227
1,1,0.9995253566053055
1,1,0.9869303290151759
1,1,0.516053465833837
0,0,0.05211682729341111
1,1,0.9978961049706292
0,0,0.37341265729980294
1,1,0.8577573130692545
0,0,0.37034677526641846
1,1,0.9997600864493149
1,1,0.7379835624778777
1,1,0.9985718408979731
1,1,0.9623330924568283
1,1,0.9989632523774195
0,0,0.3805934353908648
1,1,0.6688651115111542
1,1,0.7810457993192712
1,1,0.9809913401825955
0,0,0.014771756295731997
0,0,0.31998060159149994
1,1,0.9941219447927596
1,0,0.20199437637194745
1,1,0.9184240337301157
0,0,0.003966803207313234
1,1,0.9957905856309633
0,0,0.42293906945549625
1,1,0.9254412075795885
0,1,0.9340070744192851
1,1,0.9236095595267625
0,1,0.6262539530842021
1,1,0.9985034852405636
0,1,0.6504874382474292
0,1,0.999783995443899
1,1,0.9692485773192403
1,1,0.5487173929679993
1,1,0.9913740547335305
1,1,0.9952030171827896
1,1,0.725097052466242
0,1,0.9074110491215263
0,0,0.14350936220450555
1,1,0.9941219447927596
0,0,0.17398682376716623
0,0,0.046191192835000956
0,0,0.018956853240403033
1,1,0.9998178731538345
1,1,0.9323704816004175
1,1,0.9724290077713692
0,1,0.7625603459284828
1,1,0.962805986367316
1,1,0.767280559249213
1,1,0.988217741321869
1,1,0.9992288319997038
1,0,0.24681138781825193
1,1,0.7682933245896204
0,0,0.14747901819436557
1,1,0.9420585953703116
1,1,0.7447047925590081
0,1,0.5291512711446451
1,1,0.9941219447927596
0,0,0.09394403390150036
1,1,0.9998105600217538
1,1,0.9909133053240968
1,1,0.9987866121925764
1,1,0.9706138702794237
1,1,0.7379835624778777
0,0,0.1621844236436127
1,1,0.9539363397831332
0,0,0.09620240407950222
0,0,0.02514346015704223
0,0,0.01970319126261801
1,0,0.3823500751486141
0,1,0.7529236836661327
1,1,0.8894902683193134
0,0,0.22527661240716854
1,1,0.9997504535256516
1,1,0.9954016902842676
0,1,0.7787929065349525
0,0,0.05997148332645099
0,0,0.010409816095214885
1,1,0.962805986367316
0,1,0.5519654636702351
0,0,0.08537936546426021
1,1,0.8409793064938235
1,1,0.9952919646920566
0,0,0.3383209706534375
0,0,0.3024337872542665
1,1,0.6829422141678398
1,1,0.966388808868252
0,0,0.3561684739429857
0,0,0.09126111012985588
1,1,0.9749274878276297
1,1,0.994462065721587
0,1,0.516053465833837
0,0,0.019619863369109324
0,0,0.24925943808089873
1,1,0.7379835624778777
1,0,0.4247571288721397
1,1,0.8417374988890979
0,0,0.4151656755795612
0,0,0.27810850111587665
1,1,0.8849829895168005
0,0,0.019958312362075143
0,0,0.47484286066641956
0,0,0.07911152677781617
1,0,0.3625241864784035
1,1,0.8945464740396184
1,1,0.9401917105704749
1,1,0.987098553863
0,0,0.004125459395596417
1,1,0.995564687003552
1,1,0.9769504170907978
1,1,0.999016226880745
0,1,0.7696160154928903
1,1,0.9943893096068215
1,0,0.45851049143236566
0,0,0.2914738646928429
0,0,0.1258383383537607
0,0,0.12110935896752897
1,1,0.9997228328907531
0,1,0.5841586993356982
1,1,0.998901211297482
1,1,0.9858745752586011
1,1,0.9907424025617876
0,0,0.31080491958525647
1,1,0.7036801191122987
1,1,0.9911466500738308
1,1,0.9430766032052261
0,0,0.4247571288721397
1,1,0.6882203699423939
1,1,0.9992288319997038
1,1,0.7064096145052104
0,0,0.38401347153737625
1,1,0.9976017262843103
0,0,0.01769880302533782
1,1,0.6623275808391199
1,1,0.9990786583943336
1,1,0.9263418141419785
0,1,0.6401754880799728
1,1,0.9979505035113935
0,0,0.11110290112365157
1,0,0.33151089642371007
1,1,0.7775076709141934
1,0,0.08493682487781772
1,1,0.522606254591313
0,0,0.2614788653770264
0,0,0.00271442729257487
1,1,0.9772441354663337
1,1,0.9998029532956114
1,1,0.7515360974250898
1,1,0.9975701175261105
1,1,0.5584480521592965
0,1,0.606290681356499
1,1,0.847875461466689
1,1,0.9936074005830622
1,0,0.4183560664835209
1,1,0.8730323608421324
1,1,0.8168130052473578
1,1,0.9168695527814661
0,0,0.019368983058904436
1,1,0.9987379420177451
1,1,0.7302986177767873
0,0,0.2887706892136082
0,0,0.3672913100755899
1,0,0.2642852310195274
0,0,0.1941517307841908
1,0,0.47015566222137073
1,1,0.9984021414494438
0,0,0.096851672125004
0,0,0.01688037044309907
1,0,0.1076879994032952
1,1,0.7963520987710089
0,0,0.021744823279603802
0,1,0.8868833838387831
1,1,0.7929957550730926
0,0,0.025037712150944916
1,1,0.9988930094407088
1,1,0.9987044168451429
1,1,0.902904713719341
1,1,0.9394493754316038
0,1,0.870093940428941
1,1,0.9958452467486418
1,1,0.884803262131645
1,1,0.9907943579892672
0,0,0.010275470830112985
1,1,0.9807450353844945
1,1,0.9963064516362333
0,0,0.20199437637194745
1,1,0.870093940428941
0,0,0.3993251300585087
1,1,0.8356424458179031
1,1,0.996056912549015
0,0,0.13475959596459955
1,1,0.9929046719448192
0,0,0.19277826366648806
1,1,0.9613699173755036
1,1,0.9785026870286089
0,1,0.7601756530104969
1,1,0.6156494798601746
0,0,0.3744247154174612
1,1,0.674653261084156
1,1,0.8907738779619357
1,1,0.7354376723016417
1,1,0.7920617389436475
1,1,0.9927173223215874
1,1,0.9464989196244509
1,1,0.9967166285527443
1,1,0.8894902683193134
1,1,0.9250483099856532
0,1,0.7277056080299026
1,1,0.905181845488775
0,0,0.4398006861393068
1,1,0.9983161552290777
0,0,0.005718525656588174
1,0,0.3257193749725084
0,0,0.03809333960957381
1,0,0.22551358910442795
1,1,0.939871492417473
1,1,0.9897855748618359
1,1,0.9886675105116426
0,0,0.46907887224132155
1,0,0.1076879994032952
0,0,0.34847961836062324
0,0,0.27434876526483226
1,1,0.9937257481037979
1,1,0.9471596902565041
0,0,0.0177741198677837
1,1,0.9988635987754916
1,1,0.991917544662049
0,0,0.1508101344070682
1,1,0.9471596902565041
1,1,0.9828536017782011
1,1,0.7553572798213336
1,1,0.9379387810533621
1,1,0.9988024153615671
0,0,0.012413656172565467
1,1,0.9989900865622885
1,1,0.9698558090130334
1,1,0.7920617389436475
1,1,0.9217367196530776
1,1,0.8890646006371008
1,1,0.8801305796948278
0,0,0.12110935896752897
1,1,0.9974394720883081
0,0,0.25644147124451255
0,0,0.1948290076205151
0,0,0.460359474167805
1,1,0.8894902683193134
0,0,0.0025093764020217455
0,0,0.3491887357687818
0,0,0.011400140240040872
0,0,0.4788959460176542
1,1,0.8907738779619357
1,1,0.9868339488296043
1,1,0.9915956678696458
1,1,0.6218419175864937
1,1,0.988217741321869
1,1,0.990604831398769
1,1,0.997538093199016
1,1,0.9394493754316038
1,1,0.995929494026525
1,1,0.8815084230469536
1,1,0.9819460258845543
1,1,0.9949081699485981
1,1,0.5389493341522548
1,1,0.8842230082129104
1,1,0.9997895907738721
1,0,0.4365695055984554
1,1,0.7396820320026107
1,1,0.9490960516146129
1,1,0.8350478280855486
1,1,0.709124360542023
0,1,0.5207485194753637
1,1,0.7842448423619218
1,1,0.9961081288096565
1,1,0.8945464740396184
1,1,0.8486066928667397
1,1,0.8561483568377276
1,1,0.5378749321881396
0,0,0.18959743028358936
1,1,0.9831676639451399
0,1,0.5422090548737454
0,0,0.08745171743675409
1,1,0.9158636495706328
1,1,0.9982021483148281
1,1,0.606290681356499
0,0,0.3604924526432482
1,1,0.5982192939530044
1,1,0.9952919646920566
1,1,0.5356862788728501
1,1,0.8005762242206641
1,1,0.5598482882440099
1,0,0.39304545765000864
1,1,0.9331934306372055
0,0,0.10519138399324435
1,0,0.025794983752906217
1,1,0.9673299139717026
0,0,0.3920146081783243
1,0,0.3993251300585087
1,0,0.4912292286817453
1,1,0.9423678801869569
1,1,0.8312097507067796
0,0,0.3257193749725084
0,0,0.03972730024922493
0,0,0.009022942324410988
1,1,0.9828536017782011
1,1,0.9989216597640695
1,1,0.5918938984631941
1,1,0.936393052505093
1,1,0.8226315028640137
0,1,0.5258798744683454
1,1,0.832005218335025
0,1,0.5215275790287657
0,0,0.4014383391104769
1,1,0.709124360542023
0,0,0.40247756486052877
1,1,0.7625603459284828
0,0,0.013846449168602436
1,0,0.104492677088771
0,0,0.028814565978298217
0,0,0.45059381608500454
1,1,0.522606254591313
1,1,0.9998178731538345
1,1,0.9952919646920566
1,1,0.9406089796713539
1,1,0.9513111253653023
0,0,0.4734265517962309
0,0,0.1419035997910601
1,1,0.7504738762095161
1,1,0.9975056478667068
1,1,0.6910297432493927
1,1,0.5338340408145419
1,1,0.9997504535256516
1,1,0.8963073679947914
1,1,0.9974394720883081
1,1,0.6461998601364052
0,0,0.1594087009313672
1,1,0.6401754880799728
0,0,0.04138064877475639
1,1,0.6825600194029916
1,1,0.9963064516362333
0,0,0.19162236949017258
0,1,0.864043493678873
1,1,0.9198219498933217
0,0,0.17024640970650398
1,1,0.9968014260136875
1,1,0.9989357059470192
0,0,0.12728927531203835
1,0,0.16597090134590115
1,1,0.6218419175864937
0,0,0.15461048220582738
1,1,0.8957782354253906
1,1,0.9198219498933217
1,1,0.9989216597640695
0,0,0.09394403390150036
1,1,0.9497264498325336
1,1,0.9997471573763771
0,1,0.5062146279372253
1,1,0.8067884537668882
1,1,0.9963544385283416
1,1,0.9232078107397997
1,1,0.9804127552514041
0,0,0.024404836391342506
0,0,0.0885048619138289
1,0,0.4625469564121748
1,1,0.9702763492067771
1,1,0.6870001989671739
1,1,0.9941981477076239
1,1,0.8807285775127421
1,1,0.9973909904428407
0,0,0.0289357922824356
1,1,0.9303290237082723
1,1,0.9860561971341337
1,0,0.3885682638975209
1,1,0.8842230082129104
1,0,0.3899186909721081
1,1,0.9977241119399108
0,0,0.04978749548244123
0,1,0.5370988647441066
1,1,0.9952919646920566
0,0,0.49637097419726417
1,1,0.867097868249014
0,0,0.43334370074075523
1,1,0.9742777541456007
1,1,0.9929965443721402
1,1,0.9780107429264348
1,1,0.7947249560610414
1,1,0.9990290424540451
0,0,0.2717434975679176
1,1,0.8374372079450197
0,1,0.6491948685882406
1,1,0.9127793170637408
0,0,0.03044806071524605
0,0,0.03314177876138707
1,1,0.9593721947259476
0,0,0.1713006848410477
0,1,0.5454651658109888
1,1,0.516053465833837
1,1,0.9961586823943323
1,0,0.11820130690714739
1,1,0.9988486020440475
1,1,0.9968014260136875
1,1,0.9922271905545811
1,1,0.9286081890298459
1,1,0.936393052505093
0,0,0.2957401332040899
1,1,0.603153290325291
1,1,0.9853975678939676
1,0,0.07619439135187367
1,1,0.9698954655530946
1,1,0.5968532247140763
1,0,0.1721085680409933
1,1,0.9767821730007215
0,0,0.1508101344070682
1,1,0.8681089594656838
1,0,0.17317196816116656
1,1,0.6600866657336274
0,0,0.007326331708969093
1,1,0.9988784003967983
0,0,0.06146857485706154
0,0,0.10853674528521454
1,1,0.9989495693603937
0,0,0.1559225313351826
1,1,0.9990786583943336
1,1,0.9987212891562184
0,1,0.833831800527995
0,0,0.3164557111391912
1,1,0.847875461466689
0,0,0.056543172807300895
0,0,0.053428984636642717
1,1,0.9926218142316994
0,0,0.032446290176066414
1,1,0.9706138702794237
0,0,0.3012367450214883
1,1,0.9755612211746016
0,1,0.7430277094045845
1,1,0.9581091872286636
0,0,0.03972730024922493
1,1,0.9644468235084439
0,0,0.18362109288406187
1,1,0.9976504408902097
1,1,0.9815777162055945
1,1,0.9603831270062699
0,0,0.26257728729778396
0,1,0.7480079080498602
1,1,0.9515735600353987
1,1,0.8957782354253906
1,1,0.8828725364006903
0,1,0.7133490176501568
1,1,0.8868833838387831
1,1,0.9989767573406357
1,1,0.9969645273089213
0,0,0.002444519373180695
1,1,0.752118575432115
0,0,0.024404836391342506
1,1,0.808826214871534
1,1,0.9990786583943336
0,1,0.7466020059288924
1,0,0.3083766051535784
0,0,0.25895219965858385
0,0,0.48545020076968404
1,1,0.998818012953577
1,1,0.8759137942754448
1,0,0.47669972381994025
1,1,0.9988024153615671
1,1,0.996494703848228
1,1,0.9213259603149858
0,1,0.7405135975921033
1,0,0.1867247643405534
0,0,0.04561635262333288
1,1,0.9963544385283416
1,1,0.9990664970850345
1,1,0.9993910040407965
0,0,0.05724744922375124
1,1,0.9515735600353987
1,1,0.9686830815975339
1,1,0.7963520987710089
1,1,0.6491948685882406
1,1,0.902904713719341
1,1,0.813982317242259
1,1,0.6926170306320417
1,1,0.9897100306971478
1,1,0.864043493678873
0,0,0.26257728729778396
0,0,0.024823737702529356
1,1,0.9968840403131942
1,1,0.9556359989121206
1,1,0.9481797793189979
1,1,0.9438706852676891
0,0,0.4269092711736498
1,1,0.9371703514327611
0,0,0.07368137937440698
0,0,0.008454652351977683
1,1,0.9989900865622885
1,1,0.9680530043693237
0,0,0.018161012573907943
1,1,0.992066927056246
1,1,0.9839252302245594
0,0,0.002542445739075969
0,1,0.5403605107407691
0,0,0.2787356843121294
1,0,0.28520032630295983
1,1,0.9983161552290777
1,1,0.9217367196530776
0,0,0.26257728729778396
0,0,0.20319710930077298
0,0,0.08699945711803297
0,1,0.6784714104799113
1,0,0.47997489846339436
0,0,0.0151587047610987
0,1,0.6714663576451393
1,0,0.47811693377854964
1,1,0.9989074284072331
1,1,0.9995670043173549
0,1,0.6187505245636927
0,0,0.10572726239094708
1,1,0.9182917372258631
0,0,0.37167237013693727
0,0,0.051836922642656616
1,1,0.996654506321188
1,0,0.26257728729778396
1,1,0.9704007756285437
1,1,0.9981300786113295
0,0,0.14350936220450555
1,1,0.7239633161799005
1,1,0.9990786583943336
1,1,0.998508142844234
0,0,0.0229870211869999
1,1,0.9809913401825955
1,1,0.9356067979434932
0,1,0.6739676604361945
1,1,0.9971778211745951
1,1,0.8969972657655098
1,1,0.9824055600522487
0,0,0.04108632690705772
1,1,0.9849309100990952
1,1,0.8593512297801803
0,0,0.22397992651321857
0,0,0.22527661240716854
1,1,0.9894392249066382
1,1,0.9997504535256516
1,0,0.42370116820345527
0,0,0.4985714790724602
1,1,0.9982255500207126
0,0,0.046191192835000956
1,1,0.9106666373941757
1,1,0.9997782513525139
1,1,0.8148408881119475
1,1,0.9217367196530776
0,0,0.006775259218535319
1,1,0.9951038079303758
1,1,0.8067884537668882
1,1,0.9968014260136875
0,0,0.10572726239094708
1,1,0.9311749804746109
1,1,0.971872107870952
0,0,0.05168370021410423
1,1,0.9979921478865104
1,1,0.9997977132380382
1,1,0.9903573450497177
1,0,0.4650347266846182
1,1,0.9936433802501204
0,0,0.07619439135187367
0,0,0.08504237840123924
1,1,0.7711730142330127
1,1,0.9944932617098389
0,0,0.17505937506568583
1,0,0.08596253649361343
1,1,0.9986970460363072
1,1,0.9973715452763695
0,0,0.26942087485443145
1,1,0.9764826353972447
1,1,0.6200896239929784
1,1,0.7768295186879955
1,1,0.9497264498325336
1,1,0.9650860570877903
1,1,0.9539363397831332
0,1,0.9987418708408977
0,0,0.0913737382319602
1,1,0.987818883640671
1,1,0.8730323608421324
1,1,0.8957782354253906
0,0,0.10035105874483247
1,1,0.8744801588616613
1,1,0.9996839704991131
1,1,0.9785026870286089
1,1,0.8618191671536837
1,1,0.6279948715392226
1,1,0.9974806334090492
0,0,0.48653013295047287
1,1,0.9781035229986774
1,1,0.9864884852228581
1,1,0.9700214371323971
1,1,0.9688549463779016
1,1,0.9807450353844945
0,1,0.8128524043954113
0,0,0.16963658432634038
1,1,0.9982486476531268
1,1,0.9458303585966025
0,0,0.44627811032896164
1,1,0.709124360542023
0,0,0.346211849489914
0,1,0.8815084230469536
0,1,0.9985467395127876
1,1,0.9932151471771151
1,1,0.9711455398956033
1,0,0.4920094638555109
1,1,0.6461998601364052
0,0,0.04297115017511778
1,1,0.5649107797104264
0,0,0.3920146081783243
1,1,0.9950760535963331
1,1,0.8938421039022779
0,0,0.02047829952370021
1,0,0.31806833401933027
1,1,0.7354376723016417
1,1,0.6551495781507026
0,0,0.45384518499957144
1,1,0.9985611840126101
1,1,0.5598482882440099
1,1,0.9950760535963331
1,1,0.994974231794854
0,0,0.4344055782954354
0,0,0.051195593643713594
1,1,0.9736116388813517
1,0,0.4183560664835209
0,1,0.7864574345885753
1,1,0.9095930779827923
1,1,0.7239633161799005
1,1,0.5731738783102257
0,0,0.11079496741936262
1,1,0.9618544242658131
0,0,0.12110935896752897
0,0,0.3665661367092653
1,1,0.9914855760974721
1,1,0.9980804372552946
1,1,0.9704007756285437
0,0,0.004580113627008607
1,1,0.9987212891562184
1,1,0.9895754978702758
1,1,0.9556359989121206
0,0,0.01970319126261801
1,0,0.42293906945549625
0,1,0.6981773500132223
1,1,0.9990786583943336
1,1,0.985770521837321
1,1,0.709124360542023
1,1,0.6534656152331169
0,0,0.19277826366648806
1,0,0.4183560664835209
1,1,0.9989900865622885
0,1,0.7009359908554015
1,1,0.9821772470885347
0,0,0.012322715009894123
1,1,0.9966733932865633
1,1,0.5573817718177937
1,1,0.9923944926870453
1,1,0.905181845488775
0,0,0.004071884012683048
1,1,0.9914855760974721
0,0,0.0151587047610987
1,1,0.9989900865622885
0,1,0.6461998601364052
0,1,0.6401754880799728
1,1,0.9997632140903676
0,0,0.019121248200556575
1,1,0.9948793123366003
1,0,0.02930688512889359
0,0,0.007718203526768724
1,1,0.8097030202477338
1,0,0.4408660760531916
0,0,0.3237891413096457
0,0,0.05850858097625025
1,1,0.9873358651733425
1,1,0.9045409329847344
0,0,0.22397992651321857
0,0,0.219450284834107
0,1,0.6610559825966887
0,0,0.09968092091241873
1,0,0.33862488590925166
1,1,0.9945646772033089
1,1,0.802663478746088
0,0,0.08537936546426021
1,1,0.864043493678873
0,0,0.17024640970650398
0,0,0.47997489846339436
0,0,0.3944014078149636
1,1,0.8495606894272887
1,1,0.9659598573222623
1,1,0.7201893682538808
0,0,0.034865971735815356
0,1,0.6094193307230216
1,1,0.7601756530104969
0,0,0.37135544864508946
1,1,0.9767821730007215
1,1,0.9913101555549648
0,0,0.14420898515311042
0,0,0.10047366470281258
1,1,0.9932151471771151
1,1,0.9933897753450568
1,1,0.9795797603917143
1,1,0.802663478746088
0,1,0.9394493754316038
0,0,0.0141301585019029
1,1,0.9941981477076239
0,1,0.5422090548737454
1,1,0.9873358651733425
1,1,0.9955974402059209
1,1,0.9581636305645276
0,0,0.0973496874988618
1,1,0.9988930094407088
1,1,0.9924270528154672
0,0,0.03083793204569281
0,1,0.7601756530104969
0,0,0.25253882717212595
1,1,0.9997537067157
0,0,0.05850858097625025
1,1,0.8535963431523756
1,0,0.447346661240812
0,0,0.00482580945718955
0,0,0.4625469564121748
1,1,0.9924696255216874
1,1,0.9030592938125647
1,1,0.9928116030451495
1,1,0.8374372079450197
1,1,0.9943156031025563
1,1,0.9946747521497049
1,1,0.9940886577764245
1,1,0.9769504170907978
1,0,0.4109354921047344
0,0,0.08335163665768928
1,1,0.9945338835642359
0,0,0.04190445586283712
0,0,0.015355904633962908
0,0,0.021744823279603802
0,0,0.08875702820098641
1,1,0.9435472971755531
1,1,0.9974057304140368
1,1,0.9787770546969996
1,1,0.9937257481037979
0,1,0.6491948685882406
0,0,0.37268251696422416
1,1,0.9074110491215263
1,1,0.9548318434842866
1,1,0.9924696255216874
0,0,0.026690648676242882
0,0,0.062230153336926004
1,1,0.9738022415218104
1,1,0.9855043084466355
1,1,0.9944209131415381
1,1,0.9320114161519746
1,1,0.9173014906908996
1,1,0.9895754978702758
0,0,0.13208548249159643
0,0,0.005644379135219405
0,0,0.24092361984903196
1,1,0.929844916622636
1,1,0.9674662609234929
1,1,0.8945464740396184
0,0,0.01082336667733762
1,1,0.8952467183154025
0,0,0.023656014089060876
0,1,0.5841586993356982
0,0,0.3836924529311955
1,0,0.4756214000302634
1,1,0.9781035229986774
1,1,0.9441708705830784
0,1,0.5487173929679993
1,1,0.9967166285527443
0,0,0.15517638497015157
0,0,0.012811275476167953
1,1,0.8314000966757382
0,0,0.4930900045985326
1,1,0.5989694016634082
1,1,0.9997370054657294
1,1,0.9989216597640695
1,1,0.9867599400677977
1,1,0.9991765680918843
0,1,0.8108475229279075
1,1,0.6981773500132223
0,0,0.46688733414144745
1,1,0.8384481892042676
1,1,0.9409255171499878
1,1,0.9988486020440475
0,0,0.37034677526641846
0,1,0.9988370396185319
1,0,0.10519138399324435
1,1,0.9559505649742124
1,1,0.6870001989671739
1,1,0.9982021483148281
0,1,0.7354376723016417
0,1,0.7942152027524895
1,1,0.9306963136166195
0,0,0.25752611104020917
1,1,0.9539363397831332
1,0,0.08291865340595996
0,0,0.3425435546907932
1,1,0.9855852333581331
1,1,0.833831800527995
0,0,0.12811860697224756
0,0,0.124401582694371
0,1,0.7898917015669282
0,0,0.018474770152483458
0,0,0.22857568465699646
0,0,0.02388816479244427
1,1,0.9773701154365209
1,1,0.999783995443899
1,1,0.9925670888904403
1,1,0.8861343438644586
0,0,0.09968092091241873
0,0,0.025360118863764942
1,1,0.9458303585966025
1,1,0.9972662707340999
1,1,0.7553572798213336
0,0,0.14047666761129438
1,1,0.7564054602781008
1,1,0.9989074284072331
0,1,0.5727421449606109
0,1,0.9063023912515848
1,0,0.3899186909721081
1,1,0.9981784385470024
0,0,0.31429580885429964
1,1,0.8461747736406364
0,0,0.0048892558361242735
1,1,0.9515735600353987
0,0,0.09126111012985588
0,0,0.11879466311017903
1,1,0.9921253056593492
1,1,0.8842230082129104
1,0,0.4325772766864919
1,1,0.995506351417736
0,0,0.019202499894647198
1,1,0.9997632140903676
1,1,0.9835047205864631
1,1,0.9074110491215263
1,1,0.7529236836661327
1,1,0.9967166285527443
1,1,0.7898917015669282
1,1,0.9997632140903676
1,1,0.9936545155212283
1,1,0.9891613702464382
0,0,0.20249805872007723
1,1,0.998818012953577
0,0,0.016450207985464087
1,1,0.9895167361425952
1,1,0.9106666373941757
1,1,0.9965402534448866
1,1,0.9997504535256516
1,1,0.9696373892115588
0,0,0.03093137046555771
1,1,0.5873435184767087
1,1,0.8722048178840142
1,1,0.9956791059244319
1,1,0.9952919646920566
0,0,0.00686415882252713
1,1,0.997042941447177
0,0,0.44163575566949437
1,1,0.8545242877757699
1,1,0.9978117939336192
0,0,0.26573535299686407
1,1,0.9974057304140368
0,1,0.7696160154928903
1,1,0.9725808970910168
0,1,0.7015899904066207
1,1,0.7136264842117923
0,0,0.03590955287297362
1,1,0.8234588113385801
0,0,0.448751439439266
0,0,0.23796486016062612
1,1,0.8945464740396184
0,1,0.5291512711446451
1,1,0.9913253423930521
1,1,0.982978616943848
1,1,0.9817118608166338
1,1,0.864043493678873
1,1,0.8864489566741247
1,1,0.8655780088401652
1,1,0.9862355163562156
1,1,0.8631665461316286
0,1,0.7951420477558511
1,1,0.9637347062126157
0,0,0.1797186226366898
1,1,0.9988334076365699
1,1,0.9738022415218104
1,1,0.7379835624778777
1,1,0.9901034045767347
0,0,0.00634762778607902
1,1,0.996759303725597
1,1,0.97946582301658
1,1,0.9123260171539562
0,1,0.9245304865662212
1,1,0.6371465157037023
1,1,0.8168130052473578
1,1,0.936393052505093
1,1,0.9074110491215263
1,1,0.9989767573406357
0,1,0.7064096145052104
1,1,0.8907738779619357
0,0,0.13058805547949107
1,0,0.460359474167805
1,1,0.7129880725384287
1,1,0.9989074284072331
1,1,0.7455258332576096
1,1,0.9860561971341337
1,1,0.9641906581790691
0,1,0.5207485194753637
1,1,0.9462105387710634
1,1,0.9988334076365699
1,1,0.9106666373941757
1,1,0.9997895907738721
1,1,0.9684564407767535
1,1,0.978931155013015
0,0,0.2914738646928429
0,0,0.03254443824900963
1,1,0.9797281529580852
1,1,0.9927173223215874
1,1,0.8715703158750235
1,1,0.6825600194029916
1,1,0.8392161424231319
1,1,0.9988334076365699
1,1,0.993176760274588
1,1,0.5378749321881396
0,0,0.4977910349630137
0,0,0.2822570748256234
0,0,0.053142427859966375
0,1,0.7277056080299026
1,1,0.9950760535963331
0,0,0.002444519373180695
1,0,0.09570963558377121
1,1,0.9880639333464989
1,1,0.995506351417736
1,1,0.7765234655761505
1,1,0.9952919646920566
1,1,0.9752463310205981
1,1,0.9946747521497049
1,1,0.946785841335804
1,1,0.5950605422685905
1,1,0.9915956678696458
0,1,0.5069949461893075
1,0,0.45200045140358514
1,1,0.9348115009810352
1,1,0.9898428451388604
1,1,0.9902311917879708
0,0,0.2887706892136082
1,1,0.9888762873990151
0,1,0.8894902683193134
1,1,0.961158404555921
0,0,0.1957216470942881
1,0,0.49637097419726417
1,1,0.9967832636140271
0,0,0.26257728729778396
1,1,0.9997977132380382
1,1,0.9995253566053055
1,1,0.8108475229279075
0,0,0.24819797667611512
1,1,0.9941219447927596
0,0,0.019368983058904436
1,1,0.9458303585966025
0,0,0.051836922642656616
0,0,0.13208548249159643
0,1,0.6491948685882406
1,1,0.6371465157037023
1,1,0.9997923338607022
1,1,0.8113258635551789
1,0,0.4011122393021889
1,1,0.9903029473183849
1,1,0.7036801191122987
1,1,0.945153927197127
1,1,0.9644468235084439
0,1,0.6797093286330601
1,1,0.9722286990519942
1,1,0.9946747521497049
1,1,0.8283040374222125
1,1,0.8969972657655098
0,0,0.01341713818742433
0,0,0.31240190727918177
0,1,0.6323775590645134
0,1,0.5873435184767087
1,1,0.9986873222002085
1,1,0.9632731698540008
1,1,0.9531028877207904
0,0,0.16475603233975883
1,1,0.8219998404217592
1,1,0.7371467669734896
0,0,0.07179195881505829
1,1,0.8694505266248804
0,0,0.31930169780180995
1,1,0.8168130052473578
1,0,0.1797186226366898
1,1,0.709124360542023
1,1,0.8754431548642835
1,1,0.9893797032678032
1,1,0.7405135975921033
0,0,0.02955833187640988
1,1,0.9401917105704749
1,1,0.9853975678939676
1,1,0.9895167361425952
1,1,0.9964283977903349
0,0,0.017099578619688312
1,1,0.8153114302645937
1,1,0.9747882605821729
1,1,0.659385866627432
0,0,0.1941517307841908
1,1,0.8801305796948278
1,1,0.9952919646920566
1,1,0.8356424458179031
1,1,0.9940447470057971
0,1,0.5958125627485996
0,0,0.013591994669310884
0,0,0.09357670120123684
1,1,0.9578093559868898
0,0,0.0930959967363045
1,1,0.5029335684897756
1,1,0.8128524043954113
1,1,0.8444585607455659
0,0,0.0714143458659078
1,0,0.46688733414144745
0,0,0.0765951945924991
1,0,0.3920146081783243
1,1,0.9941981477076239
1,1,0.5454651658109888
1,1,0.9998003504541535
1,1,0.9697291631741675
1,0,0.12378415498813816
1,1,0.9918116344671676
0,0,0.053428984636642717
1,0,0.38503660564086256
0,0,0.17824862077344372
1,1,0.5873435184767087
1,1,0.9998105600217538
0,0,0.3209220144760274
0,0,0.016808776003665895
1,0,0.36424647056279263
1,1,0.9340070744192851
0,0,0.3836924529311955
1,1,0.988217741321869
1,1,0.9956222686194779
1,1,0.9935234891988433
1,1,0.8283040374222125
1,1,0.9957352084558112
0,0,0.06636497555119102
1,1,0.5552091066547443
1,1,0.7747826983683068
1,1,0.6469132615563138
1,1,0.9168695527814661
1,1,0.9995063035464298
0,0,0.0289357922824356
1,1,0.7236105579443447
1,1,0.9812345545944746
1,1,0.8781323253510807
0,0,0.2184788224126815
1,1,0.9952919646920566
0,0,0.0768162877799789
0,0,0.21721029406639905
0,0,0.03467532723342347
0,0,0.11473414426726604
1,1,0.9888762873990151
1,1,0.9862355163562156
1,1,0.9933523698297859
1,1,0.5809668365160402
1,0,0.08910730131974202
1,1,0.9423678801869569
1,1,0.9927173223215874
1,1,0.988130740774386
0,0,0.16578310065109797
1,1,0.9987044168451429
0,0,0.11340772262732106
0,0,0.08875702820098641
1,1,0.9559505649742124
1,1,0.9997868114610065
1,1,0.5389493341522548
1,1,0.9724290077713692
1,1,0.8409793064938235
1,1,0.9948120093151643
0,1,0.5080754814290431
1,1,0.9949081699485981
0,0,0.29301375436369714
0,0,0.24900553111913676
0,0,0.22224597988926817
1,1,0.9930872354899577
1,1,0.9954472520801023
1,1,0.9885195057037858
1,1,0.9950113234490152
1,1,0.9952919646920566
1,1,0.9637347062126157
1,1,0.9969245462884686
0,1,0.7145091574861981
1,1,0.9837163102862061
1,1,0.9770779849904112
1,1,0.9688549463779016
0,0,0.01747204963806725
1,1,0.9896520193856261
1,1,0.8719193530192851
1,1,0.9707754587185996
1,1,0.9935234891988433
0,0,0.03934742607812259
0,0,0.0765951945924991
1,1,0.9990032423247183
1,0,0.21278001898417884
0,0,0.02930688512889359
1,1,0.9952919646920566
1,1,0.9875905097788608
1,1,0.8655780088401652
1,1,0.9040493176763258
0,1,0.9085079132944119
1,1,0.9990032423247183
0,0,0.14622571059764572
1,1,0.9984550036271881
1,1,0.8168130052473578
0,0,0.25644147124451255
0,0,0.08335163665768928
1,0,0.3341239856232382
1,1,0.9898428451388604
1,1,0.870093940428941
1,1,0.9462105387710634
1,1,0.9924270528154672
0,0,0.15765778391584898
0,0,0.07806283099201447
1,1,0.9217367196530776
1,1,0.9682824489510732
0,1,0.9986389247093332
1,1,0.9939323798336761
0,0,0.23089830941187553
0,0,0.01562197102338649
1,1,0.9095930779827923
1,1,0.8148408881119475
1,1,0.9982486476531268
1,1,0.7984724355203551
1,1,0.9888956801486735
0,0,0.15633383749261667
1,1,0.5670730075316546
1,1,0.6293209530646031
1,1,0.717178994297654
1,1,0.9722286990519942
1,1,0.9017479396081659
1,1,0.9846225398842892
1,1,0.9948793123366003
1,1,0.9973715452763695
1,1,0.967644580471096
0,1,0.9997895907738721
0,0,0.11549250043314928
0,1,0.7118242445132328
0,0,0.13578923807257898
0,1,0.6756014532431686
0,0,0.1957216470942881
1,1,0.8855599275067289
1,1,0.9409255171499878
0,0,0.003260201316251649
0,0,0.029023639849479418
1,1,0.962602030638184
0,0,0.2787356843121294
0,1,0.8982036580372734
1,1,0.9922271905545811
1,1,0.717178994297654
1,1,0.9891613702464382
1,0,0.11415844213585788
1,1,0.9521748226633879
1,1,0.9886675105116426
1,1,0.9844495744132381
1,1,0.9782248512792088
1,1,0.9352637220522516
0,1,0.5403605107407691
1,1,0.7048632008047627
1,1,0.5487173929679993
1,1,0.9946747521497049
0,0,0.08606924480502608
0,0,0.16944547850131558
0,1,0.522606254591313
0,0,0.01806000030726813
1,1,0.5305663159212718
0,0,0.01806000030726813
1,1,0.9894576467105307
1,1,0.9971029733324385
1,1,0.94845817759998
1,1,0.9995253566053055
1,1,0.9720749147341783
1,1,0.9852074958879128
0,1,0.9985843390411311
0,1,0.9987418708408977
1,1,0.9929965443721402
0,0,0.01754641877314547
1,1,0.9849309100990952
1,1,0.9685102992565205
1,1,0.9963813808956915
0,0,0.45710049560166466
0,1,0.5370988647441066
0,0,0.08493682487781772
0,0,0.017152126767642134
1,1,0.8506822244619768
1,1,0.9945646772033089
1,1,0.9933030265934444
0,0,0.22170683307114736
0,0,0.007326331708969093
1,1,0.9997569175061419
1,1,0.9040493176763258
1,1,0.6391790504664908
1,1,0.7198336535445193
0,0,0.01754641877314547
1,1,0.9929445787163662
1,1,0.9945338835642359
1,1,0.8274946780837833
1,1,0.9988784003967983
1,1,0.9997868114610065
1,1,0.9820464536854656
1,1,0.5936910276503774
0,0,0.031632224286387324
1,1,0.9828536017782011
1,1,0.9891002998408384
1,1,0.984219979040385
1,1,0.9776586079454826
1,0,0.09372647384306301
0,1,0.6052582688397564
1,1,0.9911466500738308
1,0,0.37341265729980294
1,1,0.7920617389436475
0,0,0.053428984636642717
1,1,0.9997264460561864
1,1,0.9967409029257968
1,1,0.5051339864277213
1,1,0.8005762242206641
1,1,0.960000759811318
0,0,0.09917228984404536
1,1,0.9975701175261105
1,1,0.9553945476079683
0,0,0.03809333960957381
1,1,0.9981784385470024
1,1,0.9990786583943336
1,1,0.9464989196244509
1,1,0.9259532826875959
1,1,0.9980551255096889
1,1,0.9702371790061035
1,1,0.999783995443899
1,1,0.9360538793342863
1,1,0.9085079132944119
0,0,0.025220093419595503
1,1,0.8618191671536837
1,1,0.8982036580372734
1,1,0.9985034852405636
1,1,0.8752950743828611
0,0,0.0047631824616145655
1,1,0.8982036580372734
0,1,0.7009359908554015
1,1,0.975425424335236
1,1,0.9637347062126157
0,0,0.027732861629862163
1,1,0.9997723545464189
1,1,0.8920443875695183
0,1,0.9985656622983206
0,0,0.02968259165624343
1,1,0.867097868249014
0,1,0.771935000772235
1,1,0.7984724355203551
1,1,0.9839252302245594
1,1,0.9983161552290777
1,1,0.9974727760224698
0,0,0.29030214908412755
1,1,0.9509651275553892
0,0,0.43580176406492793
1,1,0.6249234388913723
1,0,0.3788399160625617
0,0,0.27696951093145666
1,1,0.9497264498325336
1,1,0.8148408881119475
1,0,0.13733688480821868
0,0,0.04108632690705772
1,1,0.994974231794854
0,0,0.24900553111913676
1,1,0.9795797603917143
1,1,0.9841315129562445
0,1,0.8593512297801803
1,1,0.9829490687236798
1,1,0.9876599339148053
0,0,0.07120760133493581
1,1,0.9917764502535346
1,1,0.7993849495061083
0,1,0.6639906230006533
1,1,0.8586632512181316
1,1,0.9503494495590957
1,1,0.8067884537668882
1,1,0.9939323798336761
1,1,0.9972302530153422
1,1,0.9951673438815715
1,1,0.9757380929297094
1,1,0.9986970460363072
1,1,0.5598482882440099
0,0,0.29030214908412755
0,0,0.33735387393847915
1,1,0.7455258332576096
1,1,0.7625603459284828
1,1,0.9952919646920566
0,0,0.07385620215934817
1,1,0.9810969763270047
0,0,0.18362109288406187
1,1,0.9835047205864631
1,1,0.9974057304140368
0,1,0.6669126574455828
1,1,0.9990786583943336
1,1,0.7742374910813976
1,1,0.6218419175864937
0,1,0.8245385103777619
1,1,0.9988024153615671
1,1,0.8616089038665206
1,1,0.9757380929297094
1,1,0.9005789014422874
0,0,0.14420898515311042
1,1,0.9952919646920566
1,1,0.8686031518199351
1,1,0.9379387810533621
0,0,0.3514655214452975
0,1,0.5905210438215074
0,1,0.9998029532956114
0,0,0.08136778138665221
0,1,0.5968532247140763
1,1,0.9997693476113244
0,0,0.002974861536338539
0,0,0.02612688042109327
1,0,0.2987654562431671
1,1,0.8465806799770441
1,0,0.3635238548539805
1,1,0.9952919646920566
0,1,0.5127748588254253
1,1,0.6235910350432988
1,1,0.9983380754365883
1,1,0.9462105387710634
1,1,0.9990786583943336
1,1,0.9824055600522487
1,1,0.9987212891562184
1,1,0.9893797032678032
0,0,0.37957482046704744
0,0,0.47015566222137073
0,0,0.1160740486901033
0,0,0.028814565978298217
0,0,0.09394403390150036
0,0,0.046191192835000956
0,0,0.3788399160625617
0,0,0.4325772766864919
0,0,0.27724140576930373
1,1,0.9952919646920566
1,1,0.9578093559868898
0,0,0.12236756981195657
1,1,0.9672311118572204
1,1,0.9561891445473928
1,1,0.8067884537668882
1,1,0.9928520295025299
0,0,0.043384429118998084
1,1,0.870093940428941
1,1,0.8849829895168005
0,0,0.48980963008114553
1,1,0.9990786583943336
1,1,0.5663064374480751
1,1,0.9785026870286089
1,1,0.6870001989671739
1,1,0.9980294806572038
1,1,0.9980034983315873
0,0,0.10853674528521454
1,1,0.8523417741470463
1,1,0.9971567917687515
0,0,0.2728691073196614
0,0,0.07942705252951361
1,1,0.9995127380243419
1,1,0.7864574345885753
1,1,0.9946351715235943
0,0,0.45200045140358514
1,1,0.9152881824084003
1,1,0.8148408881119475
1,1,0.8686031518199351
1,1,0.7855018969824368
1,1,0.9925250630399498
1,1,0.6313719616649215
1,1,0.9655256267148101
1,1,0.9861340843732987
1,1,0.8649157005445172
1,1,0.783282132333204
1,1,0.9940447470057971
0,0,0.23693631652605307
1,1,0.9936902316937875
0,0,0.020216668698376114
1,1,0.8710856269482055
1,1,0.7770647419199044
1,1,0.9880639333464989
1,1,0.9985422022326536
0,0,0.07847262785217655
1,1,0.7529236836661327
1,1,0.9581091872286636
1,0,0.4056380802449209
1,1,0.9804956025452062
0,0,0.49637097419726417
1,1,0.936393052505093
1,1,0.9635356503019724
1,1,0.9966295906257848
1,1,0.9406089796713539
1,1,0.5745629918530176
1,0,0.34294104413951115
0,0,0.06590516849467208
0,1,0.5291512711446451
0,0,0.01082336667733762
1,1,0.8168130052473578
1,1,0.9464989196244509
0,0,0.4151656755795612
1,1,0.7810457993192712
1,1,0.9839252302245594
1,0,0.24575693871107102
0,0,0.014314172474355466
1,1,0.9998055222102912
0,0,0.36829652922204437
0,0,0.034135577977924776
1,1,0.9984837434173711
0,1,0.6870001989671739
0,0,0.00781937829597812
0,1,0.6885988588776512
1,0,0.1950420188812076
1,1,0.9962085818110393
0,0,0.3266695610797949
1,1,0.9340070744192851
1,1,0.522606254591313
0,1,0.767280559249213
1,1,0.8392161424231319
1,1,0.6401754880799728
0,1,0.6279948715392226
0,0,0.046001099724027196
1,0,0.4141163938448332
1,1,0.5476466484354661
1,0,0.4014383391104769
0,1,0.5777681824588701
1,1,0.953356138257564
1,1,0.9696373892115588
1,1,0.7877050876325817
1,1,0.99943709805183
1,1,0.8076723828330186
1,1,0.962805986367316
0,0,0.0885048619138289
1,1,0.8815084230469536
0,1,0.6125390065570249
1,1,0.9930872354899577
1,1,0.9907943579892672
0,0,0.06617180726128533
1,1,0.9971778211745951
0,1,0.5713515215575719
1,1,0.5616820320104406
1,1,0.7230985451647154
0,0,0.0765951945924991
0,0,0.009629059663962729
1,1,0.995952457422236
1,1,0.8392161424231319
1,1,0.9601664350436759
1,1,0.8744801588616613
1,1,0.6521781702430801
1,1,0.9409255171499878
1,1,0.9913101555549648
1,1,0.9903573450497177
1,1,0.9924828013739099
0,1,0.8148408881119475
1,1,0.9178645083054527
1,1,0.9888762873990151
0,0,0.006265375713847978
1,1,0.9328384197393784
1,1,0.992956929443121
1,1,0.7064096145052104
1,1,0.9855852333581331
1,1,0.9471596902565041
1,1,0.9323704816004175
1,1,0.8928891350711962
1,1,0.991917544662049
1,1,0.9858745752586011
1,1,0.7975568220352475
1,1,0.902904713719341
0,0,0.13172801151045538
0,0,0.0765951945924991
0,1,0.5791533222788564
1,1,0.9997471573763771
1,1,0.9406089796713539
0,0,0.10950845255247452
0,1,0.5116947252504784
1,1,0.7904093384140085
1,1,0.9951673438815715
1,1,0.7230985451647154
0,0,0.008237403414791504
1,1,0.9990786583943336
1,1,0.9990541754036983
1,1,0.9936433802501204
1,1,0.8141877478029108
1,1,0.953356138257564
1,0,0.39514729610041516
0,0,0.4930900045985326
1,1,0.606290681356499
0,0,0.2500692973954357
0,1,0.537537532983357
1,1,0.8894902683193134
1,0,0.41654556560423434
0,0,0.37957482046704744
1,1,0.906932694128949
1,1,0.8356424458179031
0,1,0.9997632140903676
1,1,0.8245385103777619
0,0,0.1076879994032952
1,1,0.9983380754365883
0,0,0.346211849489914
1,1,0.8264293405037616
1,1,0.9982486476531268
1,1,0.8982036580372734
1,1,0.830962046143093
0,0,0.07436706556227889
0,0,0.02318554001412145
1,1,0.989991461150707
1,1,0.9688549463779016
1,1,0.5936910276503774
0,0,0.024899421391328905
1,1,0.9843351906678879
0,0,0.11473414426726604
1,1,0.8047342155794973
1,1,0.9990786583943336
1,1,0.9952919646920566
1,1,0.9649997417531583
0,1,0.5454651658109888
1,1,0.5487173929679993
1,1,0.9988930094407088
1,1,0.9605986885516277
0,0,0.3353889878093686
0,0,0.025794983752906217
1,1,0.9983380754365883
0,1,0.9997950411934786
1,1,0.9578093559868898
1,1,0.8744801588616613
0,0,0.29301375436369714
1,1,0.9990032423247183
0,1,0.5809668365160402
1,1,0.905181845488775
1,1,0.9929965443721402
0,1,0.9997471573763771
1,1,0.9763518343898988
1,1,0.9974394720883081
1,1,0.9178645083054527
1,1,0.9989900865622885
1,1,0.8586632512181316
1,1,0.864043493678873
1,1,0.6898156115938644
1,1,0.9601664350436759
1,0,0.2708888004160976
1,1,0.8686031518199351
1,1,0.9437771307735141
1,1,0.9936902316937875
1,0,0.43946630337267967
1,1,0.847875461466689
1,1,0.9990416912395266
1,0,0.4261456689838538
0,0,0.4247571288721397
1,1,0.9909643103596835
1,1,0.9797281529580852
0,0,0.23323739939984725
1,1,0.9694697060533404
1,1,0.9825034771762856
0,0,0.05899534476379155
1,1,0.6013699119300541
1,1,0.7277056080299026
1,1,0.9281130487029017
1,1,0.7515360974250898
0,0,0.14259669780487794
1,1,0.8356424458179031
1,0,0.4169744651210533
0,0,0.004580113627008607
1,1,0.8409793064938235
1,1,0.9790479956231849
1,1,0.8061136675604763
0,0,0.009022942324410988
1,1,0.8715703158750235
1,1,0.7688486010837327
1,1,0.5487173929679993
1,1,0.9919629584653378
0,0,0.13208548249159643
0,0,0.2651266692045015
1,1,0.9678768610324218
0,0,0.3152282496386687
1,1,0.6600866657336274
0,0,0.04375121423883895
1,1,0.6756014532431686
1,1,0.5905210438215074
1,1,0.7847726004928719
0,0,0.02654347681093704
1,1,0.9962085818110393
1,1,0.946874671169969
1,1,0.9990786583943336
1,1,0.9306963136166195
1,1,0.9928116030451495
0,0,0.007045447816398047
1,1,0.676845158105663
0,1,0.5841586993356982
1,1,0.9989632523774195
1,1,0.9988112876444936
1,1,0.7455258332576096
1,1,0.7625603459284828
0,0,0.36829652922204437
0,0,0.188726167786369
0,1,0.5968532247140763
1,1,0.9851244823542966
1,1,0.8815084230469536
0,1,0.7118242445132328
1,1,0.992327767429788
1,1,0.9981054202042215
1,1,0.9583365848724275
1,1,0.9952300593038914
0,0,0.2822570748256234
1,1,0.9769504170907978
1,1,0.9990786583943336
1,0,0.4734265517962309
1,1,0.830962046143093
1,1,0.9961081288096565
1,1,0.8301626473181773
0,0,0.14420898515311042
1,1,0.991917544662049
1,1,0.9970813878318777
0,0,0.010011906955946375
1,1,0.6107705877520495
1,0,0.33442603622933387
1,1,0.9259532826875959
1,1,0.9830733998228703
0,0,0.3257193749725084
1,1,0.8196101639264455
0,0,0.07847262785217655
1,1,0.9864125612851161
1,1,0.6418886411134656
0,0,0.11209469382025065
0,0,0.037143030247577924
1,1,0.808826214871534
0,0,0.017321583274753454
0,1,0.7145091574861981
1,1,0.9720749147341783
0,0,0.4014383391104769
0,0,0.20625892311083738
1,1,0.5519654636702351
1,1,0.9952919646920566
1,1,0.867097868249014
0,0,0.009141062821907268
1,1,0.9725808970910168
1,1,0.9980551255096889
0,0,0.009755036812796953
0,1,0.9987084498981684
0,0,0.12728927531203835
1,1,0.9947438263796282
1,1,0.6857774330050477
1,1,0.864043493678873
1,1,0.9936074005830622
0,0,0.033280586311671585
1,1,0.674653261084156
0,0,0.4038444039531122
1,1,0.7706216556336375
1,1,0.999016226880745
0,0,0.09283275891966684
0,1,0.6249234388913723
1,1,0.9935798825672343
0,1,0.998758255997023
1,1,0.6107705877520495
1,1,0.9983380754365883
0,0,0.02358401842127319
1,0,0.44627811032896164
1,1,0.9821772470885347
0,0,0.027147693442162227
0,0,0.4832517952097946
1,1,0.9933897753450568
0,1,0.6371465157037023
1,1,0.8148408881119475
1,1,0.8801305796948278
1,1,0.8759137942754448
1,1,0.9943156031025563
0,0,0.022473268013131903
1,1,0.9217367196530776
1,1,0.9095930779827923
1,1,0.9995944969705087
1,1,0.9813388648433959
1,1,0.9797281529580852
1,1,0.9987636060010203
0,0,0.04243459993059169
1,1,0.870093940428941
0,0,0.027381137352262053
1,1,0.8545242877757699
1,1,0.7480079080498602
0,0,0.39754069773949574
1,1,0.9542623805991228
0,0,0.23693631652605307
1,1,0.9980034983315873
1,1,0.9946047751011912
1,1,0.9817118608166338
0,0,0.20108028096858285
0,0,0.040064461803696425
1,1,0.6841709319594019
1,1,0.9739467683463449
1,1,0.9993056472936804
1,1,0.8133268421833696
0,0,0.16295776743320262
1,1,0.9909133053240968
1,1,0.9727787366042296
1,1,0.97772669391362
1,1,0.8868833838387831
0,0,0.15765778391584898
0,0,0.10823505793254216
1,1,0.8215426088739783
1,1,0.9974727760224698
1,1,0.7455258332576096
1,1,0.7803055895114764
1,1,0.9904281828946487
1,1,0.9311749804746109
0,0,0.038577209631772115
1,1,0.9893011897919556
1,1,0.9986524541824932
1,1,0.9807450353844945
1,1,0.9893797032678032
0,0,0.045048328311620076
1,1,0.9983161552290777
0,1,0.5389493341522548
1,1,0.8283040374222125
1,1,0.9996755673620571
1,1,0.8005762242206641
1,1,0.9990786583943336
1,1,0.9817118608166338
0,0,0.45384518499957144
1,1,0.9444695449279887
1,1,0.7163012980611414
0,1,0.717178994297654
0,0,0.04160657009272651
1,1,0.8709331297426269
1,1,0.6727182360710372
0,0,0.12728927531203835
0,0,0.0714143458659078
1,1,0.9886675105116426
1,1,0.8444585607455659
0,0,0.41654556560423434
1,1,0.808826214871534
1,1,0.9996101477382081
0,1,0.5670730075316546
0,0,0.031632224286387324
0,0,0.010275470830112985
1,1,0.97946582301658
1,1,0.9503494495590957
0,0,0.43012353531369285
1,1,0.9943156031025563
0,0,0.01014284160492727
1,1,0.9947734435109438
0,0,0.18893407234511994
1,1,0.9331934306372055
1,0,0.48217230657223936
0,0,0.11820130690714739
1,1,0.9581091872286636
1,0,0.34590468626092263
1,1,0.6743552647346407
1,1,0.765948537617613
1,1,0.9852074958879128
1,1,0.767280559249213
1,1,0.9117286857097701
0,0,0.21278001898417884
1,0,0.35048075310274257
1,0,0.3561684739429857
1,1,0.9772441354663337
1,1,0.9813388648433959
1,1,0.8801305796948278
1,1,0.9893797032678032
0,0,0.19779602999588708
0,0,0.23693631652605307
1,1,0.9952300593038914
0,0,0.3899186909721081
0,0,0.2975767395196287
0,0,0.1258383383537607
0,0,0.31240190727918177
0,0,0.0032178263217761184
0,0,0.33151089642371007
0,0,0.019451266574351138
1,1,0.9928520295025299
1,1,0.9986700022993967
0,0,0.02955833187640988
1,1,0.7118242445132328
0,0,0.002444519373180695
1,1,0.9920220960091088
0,0,0.06475685851982092
1,1,0.9860561971341337
1,1,0.6600866657336274
0,0,0.1500841027034897
1,1,0.7075863270061838
1,1,0.9441708705830784
1,1,0.9984021414494438
1,1,0.9990416912395266
0,0,0.22626954984441472
1,1,0.8969972657655098
0,1,0.6125390065570249
1,1,0.9983930537078082
1,1,0.8554473468583531
0,0,0.006687503224740694
1,1,0.9488209128341282
0,1,0.5777681824588701
0,0,0.04486271727183102
0,0,0.3136234037966967
1,1,0.7942152027524895
1,1,0.864043493678873
0,0,0.05778974075767668
0,0,0.13717615530978836
1,1,0.7696160154928903
1,1,0.9901760894396247
1,1,0.8128524043954113
1,1,0.9953873790842094
1,1,0.8842230082129104
1,1,0.9981544166768347
0,0,0.01082336667733762
1,1,0.6784714104799113
0,0,0.22857568465699646
1,1,0.9655256267148101
1,1,0.9867599400677977
1,1,0.9976637184926244
0,1,0.5356862788728501
1,1,0.8495606894272887
1,1,0.9733181791046503
0,0,0.2556180094701487
1,1,0.9481797793189979
1,1,0.8744801588616613
0,1,0.5127748588254253
1,1,0.9742777541456007
1,1,0.9958452467486418
1,0,0.39754069773949574
1,1,0.9949081699485981
1,1,0.5468731665801561
1,1,0.9903029473183849
0,1,0.5094951521680844
1,1,0.8577573130692545
1,1,0.8409793064938235
1,1,0.9786587360971257
1,1,0.9545096685716913
0,0,0.06781251417606367
0,0,0.036366732677296267
1,1,0.9567357056102372
1,1,0.8556151077672152
1,1,0.988217741321869
1,1,0.9952919646920566
1,1,0.9814747158618381
1,1,0.5370988647441066
1,0,0.21183007103316406
0,0,0.09346163701316848
1,1,0.9117286857097701
1,1,0.5950605422685905
0,0,0.07436706556227889
1,1,0.8005762242206641
1,0,0.45059381608500454
1,1,0.9306963136166195
0,0,0.06046963608046252
1,1,0.9972662707340999
1,1,0.9997569175061419
0,0,0.02039176176434425
0,0,0.01769880302533782
1,1,0.9997950411934786
1,1,0.9825034771762856
1,1,0.8982036580372734
0,0,0.1247420282618294
1,1,0.927733131270129
0,0,0.3221612162133262
0,0,0.15363988318540786
1,1,0.9977241119399108
0,0,0.05899534476379155
1,1,0.9581091872286636
0,0,0.13172801151045538
1,1,0.9895167361425952
1,1,0.9908460245269309
1,0,0.017099578619688312
1,1,0.964641087930725
0,0,0.08291865340595996
1,1,0.9281130487029017
1,0,0.3266695610797949
1,1,0.9981300786113295
1,1,0.606290681356499
1,1,0.9983597107567834
1,1,0.6187505245636927
1,1,0.9843351906678879
0,1,0.9998154673563113
1,1,0.9938527078433493
0,0,0.018004721703134115
1,1,0.9952919646920566
0,0,0.07034439738062676
1,1,0.5411357816716854
1,1,0.998818012953577
1,1,0.717178994297654
1,1,0.9966979862443657
1,1,0.6231767715329964
1,1,0.9063023912515848
1,1,0.9600988935578172
1,1,0.5855379136227113
0,0,0.01110805257626278
0,0,0.01617026715663904
1,1,0.7820156789712621
1,1,0.9983380754365883
1,1,0.9919878088126319
1,1,0.9618544242658131
1,0,0.10206166819295083
1,1,0.9977241119399108
1,1,0.9835966227660009
1,1,0.9539363397831332
1,1,0.9990786583943336
1,0,0.2975767395196287
0,0,0.02419613632552224
1,1,0.6710769919700404
0,0,0.4756214000302634
1,0,0.40776201855962246
0,0,0.45851049143236566
0,1,0.8108475229279075
1,0,0.38814913070041457
1,1,0.9937719962606462
1,1,0.9657725812324998
1,0,0.3055842803102535
1,1,0.9847348579575759
0,0,0.30958944912131836
0,1,0.8461747736406364
1,1,0.9843351906678879
1,1,0.5759509291773072
1,1,0.9095930779827923
1,1,0.9968014260136875
1,1,0.9666735484813772
0,0,0.3383209706534375
1,1,0.9379387810533621
1,1,0.9924828013739099
1,0,0.3209220144760274
1,1,0.9988635987754916
0,1,0.9997977132380382
1,1,0.6551495781507026
1,1,0.9017479396081659
1,1,0.984219979040385
1,0,0.31930169780180995
1,1,0.9903573450497177
1,1,0.709124360542023
1,1,0.722473037573032
1,1,0.9952030171827896
1,1,0.9406089796713539
1,1,0.982276411903807
1,1,0.5606174167291886
1,1,0.9952919646920566
1,1,0.9987379420177451
1,1,0.9997569175061419
1,1,0.9971778211745951
1,1,0.8495606894272887
1,1,0.9962085818110393
1,1,0.858448974469229
1,1,0.5443931118912383
1,1,0.5982192939530044
0,0,0.13107966496253196
0,0,0.12910507926175968
0,0,0.13058805547949107
0,0,0.04297115017511778
0,0,0.026017106743684515
1,1,0.9989495693603937
0,0,0.0177741198677837
1,1,0.9947047564239382
1,0,0.4151656755795612
1,1,0.8609301814829144
1,1,0.8933018888948681
1,1,0.9803527151510523
0,0,0.48653013295047287
1,1,0.5905210438215074
1,1,0.9245304865662212
1,1,0.9464989196244509
1,1,0.8014815806426164
1,1,0.9613699173755036
1,0,0.10519138399324435
0,0,0.12236756981195657
1,1,0.5487173929679993
0,0,0.1721085680409933
1,1,0.9583365848724275
0,0,0.10727328877578071
0,0,0.056543172807300895
0,0,0.07446055258137206
1,1,0.7480079080498602
0,0,0.15194087655933894
0,0,0.09506721757308213
0,0,0.19779602999588708
0,0,0.014209508651162514
1,1,0.9951038079303758
0,1,0.5905210438215074
1,1,0.9990786583943336
1,1,0.9926218142316994
0,0,0.002444519373180695
0,0,0.36221056877972035
1,1,0.941650879180239
0,1,0.5043536022439713
1,1,0.9927582751319867
0,1,0.6218419175864937
1,0,0.19829184489759713
0,0,0.14367627665753924
0,0,0.11639473404865454
1,1,0.6444959088023637
0,0,0.2876054292738324
1,0,0.11415844213585788
0,1,0.606290681356499
1,1,0.5207485194753637
0,0,0.4912292286817453
0,0,0.034865971735815356
0,0,0.2614788653770264
1,1,0.9977703461600823
1,1,0.6231767715329964
0,0,0.07589064875912109
1,1,0.9982714451492708
0,0,0.02808897349936626
0,0,0.09457965524980733
1,1,0.9915333963340822
1,1,0.9988930094407088
1,1,0.9903573450497177
1,1,0.9998105600217538
1,1,0.9934384836395824
0,1,0.7649286592468305
1,1,0.9785026870286089
1,1,0.9188486095872461
0,0,0.3665661367092653
1,1,0.8801305796948278
1,1,0.9970039901365138
1,1,0.9800983032435343
1,1,0.9990032423247183
1,1,0.9987044168451429
0,1,0.8117172157704321
1,1,0.9481797793189979
1,1,0.6115124800974783
1,1,0.9426756145346104
0,0,0.06146857485706154
0,0,0.21551420032248994
1,1,0.9981784385470024
1,1,0.9995612861317424
1,1,0.9311749804746109
1,1,0.9982021483148281
1,1,0.9401917105704749
1,1,0.7734809399678857
1,1,0.9641906581790691
1,1,0.9686830815975339
0,1,0.8402181713016281
1,1,0.9829490687236798
0,0,0.15982746191200162
1,1,0.6813279535497268
1,1,0.7696160154928903
0,0,0.4133591694002146
1,1,0.6710769919700404
0,1,0.8245385103777619
0,0,0.05104416483740453
0,0,0.056846966274278175
1,1,0.9972302530153422
1,1,0.9990786583943336
0,1,0.5936910276503774
1,0,0.48653013295047287
1,1,0.9986524541824932
1,1,0.9473157137547128
1,0,0.4930900045985326
1,1,0.9952919646920566
1,1,0.962805986367316
1,1,0.8490073270754374
0,0,0.39304545765000864
1,1,0.722473037573032
0,1,0.6279948715392226
1,1,0.9942733684211448
1,0,0.48980963008114553
1,1,0.9995496223209375
1,1,0.9985904373018059
1,1,0.8828725364006903
1,1,0.9833835041207732
1,1,0.9340070744192851
1,1,0.5149737255836151
1,1,0.99849497301787
0,0,0.22857568465699646
0,0,0.06864694328464928
1,1,0.9990786583943336
0,1,0.6279948715392226
1,1,0.8993975054547774
0,0,0.0026442845932676843
0,0,0.0047631824616145655
1,1,0.8993975054547774
1,1,0.9561891445473928
1,1,0.9998202475920218
0,0,0.4868692218256497
1,1,0.995929494026525
1,1,0.9948412442463185
1,1,0.9957110178240254
0,0,0.03044806071524605
1,1,0.7379835624778777
0,0,0.24761591668111085
1,1,0.9945508283380841
0,0,0.48217230657223936
0,0,0.05477226949399902
0,0,0.06698749834357998
0,1,0.7553572798213336
1,0,0.44410399141927365
1,1,0.995564687003552
0,0,0.09028983774168899
1,1,0.8773333521992763
1,1,0.9988024153615671
1,1,0.9729287528945916
0,1,0.8945464740396184
0,0,0.08291865340595996
1,1,0.9640410936109959
1,1,0.7729335049334771
0,0,0.12875447773522522
1,1,0.9046931831087631
1,1,0.9998154673563113
0,0,0.053428984636642717
1,1,0.9010863523987735
1,1,0.7877050876325817
0,0,0.14747901819436557
1,1,0.771935000772235
0,0,0.4846704431051543
1,1,0.9217367196530776
1,1,0.9862355163562156
1,1,0.6132796624207847
1,1,0.8444585607455659
0,1,0.6623275808391199
1,1,0.8686031518199351
1,1,0.6435047728929791
1,1,0.6491948685882406
1,1,0.9990786583943336
1,1,0.9583365848724275
1,1,0.9921253056593492
1,1,0.9915956678696458
1,1,0.997042941447177
1,1,0.9904281828946487
1,1,0.8245385103777619
1,1,0.9806039391641405
0,0,0.09968092091241873
1,0,0.45059381608500454
1,1,0.8374372079450197
1,1,0.9680530043693237
0,0,0.18362109288406187
1,1,0.9245304865662212
1,1,0.9970813878318777
1,1,0.9272323975288678
1,1,0.8245385103777619
0,0,0.014209508651162514
1,1,0.9994145042075985
1,1,0.8384481892042676
1,1,0.9688549463779016
1,1,0.8730323608421324
0,0,0.08136778138665221
1,1,0.9184240337301157
0,0,0.04542851250989955
1,1,0.8417374988890979
1,1,0.9250483099856532
1,1,0.9251423637662018
0,0,0.08493682487781772
0,0,0.18166170500797324
0,0,0.007921868735634848
0,0,0.13941721630179002
1,1,0.964894148389403
1,0,0.4734265517962309
1,1,0.8969972657655098
1,1,0.9997977132380382
1,1,0.9310618107335189
0,1,0.5873435184767087
0,0,0.3501718310119714
1,1,0.9848200123041569
0,0,0.062230153336926004
1,1,0.6231767715329964
1,1,0.9888136288558578
1,1,0.929844916622636
0,0,0.07806283099201447
1,1,0.961485688000013
0,1,0.7877050876325817
1,1,0.9891002998408384
1,1,0.8427267590809823
1,1,0.7588157478316139
1,1,0.8609301814829144
1,1,0.870093940428941
1,0,0.2754810843520867
1,1,0.9951399479455683
1,1,0.7765234655761505
0,1,0.8577573130692545
0,0,0.0729634131819012
0,0,0.02856926003147607
1,1,0.9704007756285437
0,1,0.6841709319594019
1,1,0.9997868114610065
1,1,0.9709859365531603
0,1,0.5519654636702351
0,0,0.43118352638737417
0,1,0.6491948685882406
0,1,0.7649286592468305
1,1,0.9761793276426217
1,1,0.8356424458179031
1,1,0.9890388891462829
1,1,0.9637347062126157
1,1,0.9996202446667338
1,1,0.8207082758338305
1,1,0.8715703158750235
1,0,0.42796728973231485
1,1,0.9106666373941757
1,1,0.9875905097788608
1,1,0.8444585607455659
0,1,0.5745629918530176
1,1,0.5809668365160402
1,1,0.9666297937537685
1,1,0.6551495781507026
1,1,0.9891339045046089
1,1,0.9989357059470192
1,1,0.905818902943066
1,1,0.9080346508480964
1,1,0.9444695449279887
1,1,0.9556359989121206
0,0,0.004404049750510954
1,1,0.5841586993356982
0,0,0.4617709722471256
1,1,0.9127793170637408
1,1,0.9997868114610065
1,1,0.9567357056102372
0,0,0.04931636559060418
1,1,0.6013699119300541
1,1,0.9915333963340822
0,0,0.022694081509844324
1,1,0.9509651275553892
0,0,0.016030828612686607
1,1,0.9895754978702758
0,1,0.7577746175183566
1,1,0.5649107797104264
1,1,0.9458303585966025
1,1,0.857062834737182
1,0,0.4617709722471256
1,1,0.9978961049706292
0,0,0.052330806497616844
1,1,0.9694697060533404
1,1,0.9996396610646312
1,1,0.9672311118572204
0,0,0.2754810843520867
1,1,0.9515735600353987
1,1,0.5389493341522548
1,1,0.5454651658109888
1,1,0.9988486020440475
1,1,0.9929046719448192
1,1,0.9817118608166338
1,1,0.5324201654002287
1,1,0.9985229704033362
1,1,0.9980034983315873
1,1,0.9746046446726361
1,1,0.9430766032052261
1,0,0.42155330232066085
1,0,0.10950845255247452
1,1,0.9981054202042215
0,0,0.012413656172565467
1,1,0.8461747736406364
1,1,0.7920617389436475
0,0,0.1419035997910601
0,0,0.005018649332257475
1,1,0.9932651335179687
0,0,0.06377980333738568
1,1,0.8969972657655098
1,1,0.7742374910813976
0,0,0.18473975223237615
0,0,0.04917020719750738
1,1,0.7711730142330127
0,1,0.7553572798213336
1,1,0.9040493176763258
0,0,0.26257728729778396
0,0,0.011699817516682707
1,1,0.7968579126515731
1,1,0.7855018969824368
1,1,0.9989357059470192
1,1,0.9583365848724275
1,1,0.802663478746088
1,1,0.9927582751319867
1,1,0.9895754978702758
1,1,0.9967166285527443
0,0,0.13475959596459955
1,1,0.9521748226633879
1,1,0.9245304865662212
1,1,0.9989357059470192
1,1,0.9376073010217577
1,1,0.725097052466242
1,1,0.9855043084466355
1,1,0.8715703158750235
1,0,0.26573535299686407
1,1,0.9603831270062699
1,1,0.5713515215575719
0,0,0.048560181212058705
1,1,0.6813279535497268
0,1,0.725097052466242
1,1,0.717178994297654
1,1,0.9340070744192851
1,1,0.9997753222899541
0,0,0.4038444039531122
0,0,0.04461993841957567
0,1,0.5958125627485996
1,1,0.9659598573222623
1,1,0.9650860570877903
1,1,0.5649107797104264
0,0,0.14787195327258265
1,1,0.8577573130692545
1,1,0.9835047205864631
1,1,0.9550761975070822
1,1,0.9985611840126101
1,1,0.9441708705830784
0,0,0.1047851588793342
0,0,0.016030828612686607
1,1,0.9938070553027578
0,1,0.7787929065349525
1,1,0.8759137942754448
0,1,0.5029335684897756
1,1,0.9933897753450568
1,1,0.9909643103596835
1,1,0.9952919646920566
1,1,0.9976329248404251
1,1,0.9890535939981564
1,1,0.9207846222951895
1,1,0.8686031518199351
1,1,0.9906738682555242
1,1,0.9929445787163662
1,1,0.7984724355203551
1,1,0.9938262392325199
0,1,0.867097868249014
1,1,0.9744636716418852
1,1,0.9198219498933217
1,1,0.9725808970910168
1,1,0.9983161552290777
1,1,0.9998055222102912
1,1,0.8679534748321741
0,1,0.7302986177767873
1,0,0.3455055680411727
1,1,0.709124360542023
0,0,0.40776201855962246
0,0,0.38814913070041457
1,1,0.9813388648433959
1,1,0.9880639333464989
1,1,0.8108475229279075
1,1,0.97946582301658
1,1,0.8346173697118611
1,1,0.9983161552290777
0,0,0.01638040758881561
1,1,0.9942733684211448
0,1,0.8512305241850365
1,1,0.9515735600353987
0,0,0.11834285295388206
1,1,0.9709859365531603
0,0,0.01970319126261801
1,1,0.9567357056102372
1,1,0.9965402534448866
1,1,0.9997868114610065
1,1,0.9988930094407088
1,1,0.9583365848724275
1,1,0.9855043084466355
1,1,0.9957905856309633
0,0,0.1594087009313672
0,0,0.31240190727918177
1,1,0.9769504170907978
1,1,0.858827895820668
0,0,0.05568266770435755
1,1,0.9808520135924808
0,0,0.2096469706405587
1,1,0.5094951521680844
0,0,0.009022942324410988
1,1,0.929844916622636
1,1,0.9720749147341783
0,1,0.7145091574861981
0,0,0.012413656172565467
1,1,0.8577573130692545
0,0,0.0025093764020217455
1,1,0.8412151369405991
1,1,0.8340197800424478
1,1,0.9997895907738721
1,1,0.9992083364395271
0,0,0.4344055782954354
0,0,0.05614732329850895
0,0,0.002974861536338539
1,1,0.8427267590809823
0,0,0.2676918179728595
0,1,0.606290681356499
0,1,0.7379835624778777
0,0,0.16657019243080717
1,1,0.9899174241750905
1,1,0.9807450353844945
1,1,0.9967166285527443
0,0,0.14841752186699347
1,1,0.9983161552290777
0,0,0.31713138294222987
1,1,0.999783995443899
0,0,0.006184182824330502
1,1,0.9763518343898988
1,1,0.8312097507067796
1,1,0.9790479956231849
1,1,0.9989495693603937
1,1,0.6300489041756988
1,1,0.8097030202477338
1,1,0.9947734435109438
1,1,0.9567357056102372
1,1,0.5926477740168113
0,0,0.1201755503356862
1,1,0.9272323975288678
1,1,0.6872919897724286
1,1,0.9596613872803773
0,1,0.9985275674527515
0,0,0.09394403390150036
0,0,0.12763647155567406
1,1,0.9542623805991228
1,1,0.7920617389436475
0,1,0.7649286592468305
0,0,0.11110290112365157
1,1,0.9635356503019724
0,0,0.09620240407950222
1,1,0.9980804372552946
0,0,0.01082336667733762
0,0,0.03190296623191163
1,1,0.9844225392314909
1,0,0.3152282496386687
1,1,0.9972662707340999
1,1,0.8461747736406364
1,1,0.9855852333581331
0,0,0.10519138399324435
1,1,0.9462105387710634
1,1,0.9997600864493149
1,1,0.8679534748321741
1,1,0.9437771307735141
1,1,0.6521781702430801
1,1,0.7649286592468305
0,0,0.005357231919178637
1,1,0.9230826226278005
1,0,0.47997489846339436
1,1,0.964894148389403
0,0,0.06536535280480678
0,1,0.6310560017412638
1,1,0.9911466500738308
1,1,0.9946047751011912
1,1,0.9950760535963331
1,1,0.8730323608421324
0,0,0.11036977169194848
1,1,0.9981544166768347
0,0,0.2728691073196614
0,0,0.0651017370943025
1,1,0.9694697060533404
1,1,0.972731973112192
0,0,0.17779180836474898
1,1,0.9989357059470192
1,1,0.9632731698540008
1,1,0.9895167361425952
0,0,0.04230792930404936
1,1,0.8047342155794973
1,1,0.9990786583943336
0,0,0.4109354921047344
1,1,0.9990786583943336
1,1,0.9793155507027861
0,1,0.5841586993356982
0,0,0.33959375896018557
1,1,0.5043536022439713
0,0,0.30679101357208904
1,1,0.9766529981559756
1,1,0.9423678801869569
0,0,0.3324696470520044
1,1,0.993401351920814
1,1,0.9990786583943336
1,1,0.8767207143072232
0,0,0.21721029406639905
1,1,0.9458303585966025
0,0,0.13172801151045538
1,1,0.9885195057037858
1,1,0.9983380754365883
1,1,0.9333877925668426
1,1,0.9188486095872461
1,1,0.6371465157037023
1,1,0.9983597107567834
1,0,0.1039623287285646
1,1,0.9779435056633495
1,1,0.9942409339386405
1,1,0.9929445787163662
0,1,0.6491948685882406
0,0,0.2651266692045015
0,1,0.5240232759893068
0,0,0.40247756486052877
0,0,0.016593232838557057
0,1,0.9997923338607022
0,0,0.04190445586283712
0,0,0.1356300350613796
0,1,0.9017479396081659
0,1,0.8156963934760759
0,0,0.3836924529311955
0,0,0.026803186015536655
1,1,0.9272323975288678
0,1,0.9997753222899541
1,1,0.864043493678873
1,1,0.9984139744451314
1,1,0.929844916622636
1,1,0.9882836980784147
1,1,0.9988930094407088
1,1,0.9950394408223829
1,1,0.6610559825966887
1,1,0.9951399479455683
0,0,0.018531464678480034
0,0,0.4398006861393068
1,1,0.9989495693603937
1,1,0.9947734435109438
1,1,0.9802430035930007
0,0,0.42796728973231485
1,1,0.9855852333581331
1,1,0.603153290325291
0,0,0.005219154696553847
0,0,0.460359474167805
1,1,0.857062834737182
1,1,0.9879081420988578
1,1,0.957275752733905
1,1,0.9980804372552946
1,1,0.9272323975288678
1,1,0.962062296495676
1,1,0.5735059066426187
1,1,0.9430766032052261
1,1,0.9942733684211448
0,0,0.04023105714068485
0,0,0.09533612558059962
1,1,0.9744636716418852
1,1,0.9928520295025299
0,0,0.20841604647639736
1,1,0.9864125612851161
0,0,0.15420288138403795
0,1,0.5411357816716854
1,1,0.9943893096068215
1,1,0.9948120093151643
0,0,0.35316437397378353
0,0,0.05364804632959495
1,1,0.984219979040385
1,1,0.9885837927066815
1,1,0.9893011897919556
1,1,0.9990786583943336
0,0,0.15249877069981357
1,0,0.2914738646928429
1,1,0.9993581976828159
1,1,0.9938527078433493
1,1,0.9757380929297094
1,1,0.8957782354253906
1,1,0.9943893096068215
1,1,0.9998105600217538
1,1,0.9148467050673842
1,1,0.9992083364395271
0,0,0.447346661240812
0,0,0.0025093764020217455
1,1,0.9990032423247183
1,1,0.7564054602781008
1,1,0.9336560798465605
1,1,0.9934384836395824
1,1,0.6187505245636927
0,0,0.020922800779174203
0,0,0.003134716327502656
0,1,0.5855379136227113
1,1,0.516053465833837
0,0,0.48653013295047287
1,1,0.9727787366042296
1,1,0.8005762242206641
1,1,0.7649286592468305
0,1,0.5389493341522548
1,1,0.9698558090130334
1,1,0.9986166612656021
0,0,0.005793640517248184
1,1,0.9800983032435343
0,0,0.014771756295731997
1,0,0.08910730131974202
0,0,0.0037646764097772688
0,1,0.9997600864493149
1,0,0.4247571288721397
1,1,0.9899739626871615
1,1,0.9990786583943336
1,0,0.24819797667611512
1,1,0.9998202475920218
0,1,0.7064096145052104
1,1,0.9957905856309633
1,1,0.9989632523774195
1,1,0.7984724355203551
1,1,0.6954043206532361
0,0,0.24412900160167367
0,0,0.023354752762042227
0,1,0.518251437306021
0,0,0.06475685851982092
1,0,0.3083766051535784
0,0,0.12521479951782996
0,0,0.051836922642656616
1,1,0.9588575083281586
0,0,0.027732861629862163
0,1,0.5029335684897756
1,1,0.8916273593465922
1,1,0.7379835624778777
0,0,0.18212625809964691
0,1,0.9458303585966025
1,1,0.8348607823408949
1,1,0.7118242445132328
0,0,0.44226678943330466
0,0,0.49637097419726417
0,0,0.008565397595380681
0,0,0.26257728729778396
0,0,0.38814913070041457
1,1,0.7593866238583133
1,1,0.516053465833837
1,1,0.9975056478667068
1,1,0.9893797032678032
1,1,0.9045409329847344
0,1,0.6231767715329964
1,1,0.8730323608421324
0,0,0.16840030104878426
1,1,0.9935234891988433
1,1,0.9985229704033362
1,1,0.9481797793189979
1,1,0.9702763492067771
0,0,0.03694041151363203
0,0,0.2807512665959904
0,0,0.3805934353908648
0,1,0.7277056080299026
1,0,0.3055842803102535
0,1,0.603153290325291
1,1,0.9939665415166078
1,1,0.9567357056102372
0,0,0.004404049750510954
1,0,0.4141163938448332
0,0,0.29848116991531526
1,1,0.7529236836661327
0,0,0.026351784097423274
1,1,0.8655780088401652
0,0,0.034426984525364725
1,1,0.7118242445132328
1,1,0.9409255171499878
1,1,0.9879081420988578
1,1,0.9908460245269309
1,1,0.9980034983315873
1,1,0.9934384836395824
1,1,0.9933030265934444
0,0,0.4930900045985326
0,0,0.014394540895369828
0,0,0.002444519373180695
1,1,0.9337401057907597
1,1,0.9943476194465779
1,1,0.9905112708296482
0,0,0.017928445534284628
1,1,0.8301626473181773
0,0,0.20108028096858285
1,1,0.7755361634516257
1,1,0.8842230082129104
1,1,0.8744801588616613
1,1,0.6610559825966887
1,1,0.9981300786113295
1,1,0.9864125612851161
1,1,0.999653569286112
1,1,0.9970813878318777
0,1,0.7787929065349525
1,1,0.867097868249014
0,1,0.9997693476113244
0,0,0.2651266692045015
1,1,0.9089789844159593
0,1,0.6813279535497268
0,0,0.039562704962350245
1,0,0.32860862155331805
0,0,0.20319710930077298
0,1,0.5727421449606109
0,0,0.017099578619688312
1,1,0.9956791059244319
0,0,0.47015566222137073
1,1,0.7908328909832878
1,1,0.6371465157037023
1,0,0.3591839377459085
1,1,0.9154248941671643
0,0,0.021193372233804526
1,1,0.9770779849904112
1,1,0.956499967024235
1,1,0.9795797603917143
0,1,0.9986914083978533
0,0,0.01562197102338649
1,1,0.9989632523774195
1,1,0.9983597107567834
0,0,0.060893992713919334
0,0,0.05755479577139556
1,1,0.9764826353972447
0,0,0.04177929871151778
1,1,0.9930359380431061
1,1,0.9933897753450568
1,1,0.5905210438215074
1,1,0.7102946546087838
0,0,0.08202815355427173
1,0,0.48980963008114553
0,1,0.7770647419199044
0,1,0.7405135975921033
0,0,0.1957216470942881
1,1,0.985770521837321
1,1,0.9984434762641826
1,1,0.8512305241850365
1,1,0.9967409029257968
1,1,0.9739467683463449
0,0,0.29692461460997255
1,1,0.99964899388496
1,1,0.9907943579892672
1,1,0.9779435056633495
1,1,0.9949171009456788
0,0,0.4151656755795612
1,1,0.9458303585966025
1,1,0.9966733932865633
1,1,0.5291512711446451
1,1,0.9902311917879708
0,0,0.26257728729778396
1,1,0.9637347062126157
1,1,0.771935000772235
1,1,0.8907738779619357
1,1,0.5817266329624263
1,1,0.9979234819975661
1,1,0.863374818098586
1,1,0.8226315028640137
0,0,0.024094274087126454
1,1,0.9779435056633495
1,1,0.9990786583943336
1,1,0.6341066189092583
0,0,0.31080491958525647
1,1,0.7696160154928903
0,1,0.5598482882440099
1,1,0.9977537219958321
0,0,0.29848116991531526
1,1,0.7601756530104969
1,1,0.9978402656872045
0,0,0.25644147124451255
0,0,0.026884738351928117
1,1,0.9938070553027578
1,1,0.9844495744132381
1,1,0.9987543782768065
1,1,0.9997117046067732
1,1,0.8815084230469536
1,1,0.9738022415218104
0,0,0.04486271727183102
1,1,0.9982021483148281
1,1,0.9696373892115588
1,1,0.9911963569456695
1,1,0.9932151471771151
1,1,0.582349068335818
1,1,0.8067884537668882
0,1,0.8245385103777619
1,1,0.9486105750312889
1,1,0.9876599339148053
0,1,0.7742374910813976
1,1,0.9943893096068215
1,1,0.9947047564239382
1,0,0.2581234744294355
1,0,0.37268251696422416
0,0,0.1508101344070682
0,1,0.9998029532956114
1,1,0.9561891445473928
0,0,0.47997489846339436
0,0,0.26830424075567666
1,1,0.9982939463957221
1,1,0.7419416036620713
0,1,0.6581089088892188
1,1,0.9680530043693237
1,1,0.9947734435109438
1,1,0.6926170306320417
0,0,0.026017106743684515
0,0,0.28492370306584347
0,1,0.9997868114610065
0,0,0.00434687223868594
1,1,0.709124360542023
1,0,0.49014882276749283
0,0,0.003134716327502656
0,0,0.024404836391342506
0,0,0.048100077271981304
0,0,0.03231084602736779
1,1,0.9982992550364495
1,1,0.9095930779827923
0,1,0.8168130052473578
1,1,0.9986166612656021
1,1,0.8773333521992763
1,0,0.3788399160625617
1,1,0.8374372079450197
1,1,0.9997923338607022
1,1,0.8900474063043846
1,0,0.1325818695132009
1,1,0.9769504170907978
0,0,0.029184150858151445
0,0,0.07567200137351814
1,1,0.5713515215575719
0,0,0.04057231339226603
0,0,0.36221056877972035
1,1,0.9970039901365138
0,0,0.0768162877799789
1,1,0.9957905856309633
1,1,0.8787389184869492
0,0,0.29848116991531526
0,0,0.12110935896752897
1,1,0.9678219551454312
0,0,0.0033466270953344175
1,1,0.9977537219958321
1,1,0.8128524043954113
1,1,0.9749274878276297
1,1,0.5777681824588701
0,0,0.11775145190154514
0,0,0.024404836391342506
0,0,0.009504693776528818
1,1,0.9990786583943336
1,1,0.9995190886803329
1,1,0.8969972657655098
1,1,0.966388808868252
0,1,0.6401754880799728
0,0,0.016932256554379556
0,0,0.08392222842189989
0,0,0.44410399141927365
1,1,0.5989694016634082
0,0,0.006775259218535319
0,0,0.08202815355427173
1,1,0.9063023912515848
1,1,0.9178645083054527
1,1,0.8545242877757699
1,1,0.9997569175061419
1,1,0.9749274878276297
1,1,0.9694697060533404
0,0,0.031727990609291344
1,1,0.9755612211746016
0,0,0.11549250043314928
0,0,0.2754810843520867
1,1,0.967742177505165
0,0,0.43118352638737417
0,0,0.09762435522384226
0,0,0.22757560379346806
0,1,0.5338340408145419
1,1,0.936393052505093
1,1,0.863374818098586
1,1,0.9608795068041615
0,1,0.7354376723016417
1,1,0.8283040374222125
1,1,0.9809913401825955
1,1,0.833831800527995
1,1,0.847875461466689
1,1,0.998901211297482
1,1,0.9509651275553892
0,0,0.16657019243080717
0,0,0.18606914952909673
1,1,0.9818692255168389
1,1,0.8969972657655098
0,0,0.04896848379996749
0,0,0.3836924529311955
1,1,0.5968532247140763
0,1,0.9997950411934786
1,1,0.999016226880745
0,0,0.3308194300815476
1,1,0.8686031518199351
1,1,0.9837163102862061
1,0,0.3136234037966967
1,1,0.9900475886709849
1,1,0.9904281828946487
0,0,0.008454652351977683
1,0,0.49965225636701377
1,1,0.9790479956231849
0,0,0.1247420282618294
1,1,0.993176760274588
0,0,0.08596253649361343
1,1,0.9990664970850345
1,1,0.9990664970850345
0,0,0.07436706556227889
1,1,0.7963520987710089
0,0,0.26915379354438856
1,1,0.832005218335025
1,1,0.9550761975070822
1,1,0.9927173223215874
1,1,0.7354376723016417
0,0,0.013244500972266145
1,1,0.9289838583011274
1,1,0.9909133053240968
1,1,0.9938527078433493
1,1,0.9968014260136875
0,0,0.07092221198617592
0,0,0.012163986026919003
1,1,0.9941401590385772
1,1,0.6898156115938644
1,1,0.9787770546969996
0,0,0.003014046644622443
0,1,0.9988370396185319
1,1,0.9888136288558578
1,1,0.9766529981559756
1,1,0.8894902683193134
0,0,0.005946825398830212
1,1,0.8179243620343402
0,1,0.5519654636702351
1,1,0.9997950411934786
1,1,0.9828536017782011
1,1,0.6249234388913723
0,1,0.5936910276503774
1,1,0.8907738779619357
1,1,0.8715703158750235
1,1,0.94845817759998
1,1,0.9448587189401245
1,1,0.9958452467486418
1,0,0.3514655214452975
0,1,0.5062146279372253
1,1,0.9272323975288678
0,1,0.5076344647296784
0,0,0.24900553111913676
0,0,0.31429580885429964
1,1,0.984219979040385
0,0,0.47015566222137073
1,1,0.9770779849904112
1,1,0.9929965443721402
1,1,0.5695272276838714
0,0,0.2133034070504374
1,1,0.976046881051989
1,1,0.9481797793189979
1,1,0.9848200123041569
1,0,0.15461048220582738
1,1,0.6743552647346407
0,0,0.012811275476167953
0,0,0.024404836391342506
0,1,0.7696160154928903
0,0,0.003390692475061666
0,0,0.31240190727918177
1,1,0.9990786583943336
1,1,0.9490960516146129
1,1,0.9706138702794237
1,1,0.9503494495590957
1,1,0.5258798744683454
0,0,0.12297892338587808
0,0,0.13941721630179002
0,1,0.7302986177767873
1,1,0.9958452467486418
1,1,0.9506995664696749
1,1,0.9739467683463449
1,1,0.8538167148051891
1,1,0.9368350434846737
1,1,0.9978117939336192
0,0,0.007326331708969093
1,1,0.9294734564752062
1,1,0.8283040374222125
0,0,0.09929361456921403
1,1,0.995238428413738
1,1,0.9915956678696458
1,1,0.9994444340021078
1,1,0.6094193307230216
1,1,0.9217367196530776
0,0,0.03885428573210161
0,0,0.16657019243080717
1,1,0.9672311118572204
1,1,0.9911466500738308
0,1,0.6491948685882406
0,0,0.02471930028360416
0,1,0.5310057691304836
0,0,0.019619863369109324
1,1,0.9548318434842866
1,1,0.9874989363240039
1,1,0.9974057304140368
1,1,0.9974727760224698
0,0,0.019202499894647198
1,1,0.9957352084558112
1,1,0.9690788153508466
1,1,0.9962085818110393
0,0,0.020131213823208316
1,1,0.8842230082129104
1,1,0.9997723545464189
1,1,0.9475310583029907
0,1,0.7765234655761505
0,0,0.12297892338587808
1,1,0.9746046446726361
1,1,0.988130740774386
0,1,0.6391790504664908
0,0,0.4390316900247351
1,1,0.995952457422236
0,0,0.47234894891091833
1,1,0.7455258332576096
0,0,0.008130864152433106
1,0,0.17398682376716623
1,1,0.808826214871534
1,1,0.7942152027524895
0,0,0.0772200889163357
1,1,0.8392161424231319
0,0,0.017374801597930218
1,1,0.7379835624778777
0,0,0.013492539057379774
1,1,0.9188486095872461
0,0,0.03621553555262105
1,1,0.9570428246355066
1,1,0.9198219498933217
1,1,0.9824055600522487
1,1,0.6739676604361945
1,1,0.9245304865662212
1,1,0.9545096685716913
1,1,0.9471596902565041
0,0,0.098005858903206
1,1,0.9806039391641405
1,0,0.26573535299686407
1,1,0.9245304865662212
0,0,0.018474770152483458
1,1,0.8692501138755164
1,0,0.4912292286817453
0,0,0.06274581540237958
0,0,0.01806000030726813
0,0,0.04393243816277125
1,1,0.92267833460008
1,1,0.9961586823943323
0,0,0.022025785898109437
1,1,0.9858745752586011
0,0,0.1840895294384598
1,1,0.9948412442463185
1,0,0.08392222842189989
1,1,0.9900475886709849
0,0,0.04917020719750738
1,1,0.9984229440608903
1,1,0.8815084230469536
0,1,0.6310560017412638
1,1,0.9940886577764245
0,1,0.709124360542023
1,1,0.9401917105704749
0,0,0.4832517952097946
1,1,0.9241331832365862
1,1,0.8301626473181773
0,1,0.5215275790287657
1,1,0.732875998909476
1,1,0.9952919646920566
1,1,0.9875905097788608
1,1,0.9806039391641405
1,1,0.9601664350436759
0,0,0.02065561075881877
0,0,0.25065520316339956
1,1,0.9024055810355136
0,1,0.999813029785442
1,1,0.8528850338178776
0,0,0.016593232838557057
1,1,0.9984637415633683
1,1,0.9831676639451399
1,1,0.9853975678939676
0,1,0.6341066189092583
1,1,0.9521748226633879
0,0,0.34324695668887445
0,0,0.08335163665768928
1,1,0.9990786583943336
1,1,0.5936910276503774
0,0,0.13784987247576191
1,1,0.9806039391641405
1,1,0.7430277094045845
1,1,0.847875461466689
1,1,0.9977537219958321
1,1,0.9974057304140368
0,0,0.05997148332645099
0,0,0.3221612162133262
0,0,0.05778974075767668
0,1,0.7855018969824368
1,1,0.9860561971341337
1,1,0.962126645589018
1,1,0.8431400772383577
1,1,0.9616454584490318
1,1,0.9912117409011728
1,1,0.7145091574861981
1,1,0.9800983032435343
0,0,0.06590516849467208
1,1,0.9997923338607022
0,0,0.4832517952097946
0,0,0.06636497555119102
1,1,0.7864574345885753
1,1,0.9964018042223074
1,1,0.998608791894743
1,1,0.9894392249066382
1,1,0.8801305796948278
1,1,0.9929046719448192
0,0,0.45200045140358514
1,1,0.902904713719341
0,0,0.013846449168602436
1,1,0.9832904281990862
0,0,0.3868009466050503
1,1,0.9966733932865633
1,1,0.8047342155794973
0,0,0.3425435546907932
1,1,0.9812345545944746
1,1,0.9744636716418852
0,0,0.21058974431144428
0,0,0.01623918688385324
1,1,0.9997950411934786
0,0,0.32956311661951615
0,0,0.050205573007656504
1,0,0.488729347158292
0,0,0.4006884424576215
1,1,0.8715703158750235
0,0,0.4183560664835209
0,0,0.22072820618927486
0,0,0.2651266692045015
1,1,0.9148467050673842
1,0,0.3836924529311955
1,1,0.5624504605137189
0,0,0.056846966274278175
0,1,0.5356862788728501
1,1,0.9785682570338148
1,1,0.7951420477558511
0,0,0.0765951945924991
1,1,0.9117286857097701
1,1,0.9236095595267625
0,1,0.9763518343898988
1,1,0.953356138257564
0,0,0.24333213799976564
1,1,0.9250483099856532
1,1,0.9063023912515848
1,1,0.5468731665801561
1,1,0.9841315129562445
0,0,0.014963998834290443
1,1,0.9998029532956114
1,1,0.9964485567015097
0,0,0.014880498985739097
0,0,0.1419035997910601
1,1,0.9989216597640695
0,0,0.346211849489914
1,1,0.5699597704387135
0,1,0.6916958775179557
1,1,0.9997300121329201
1,1,0.9736116388813517
0,0,0.08335163665768928
1,1,0.6910297432493927
0,0,0.04284294956384365
0,0,0.2860824610014952
1,1,0.9941652896903262
0,0,0.11912185194136318
1,1,0.9990786583943336
0,1,0.6813279535497268
1,1,0.8409793064938235
1,0,0.3471910347646233
1,1,0.9497264498325336
1,1,0.967644580471096
0,0,0.01970319126261801
1,0,0.47997489846339436
0,0,0.06781251417606367
1,1,0.9990786583943336
1,1,0.9986166612656021
0,0,0.21721029406639905
0,0,0.019202499894647198
1,1,0.5873435184767087
1,1,0.7747826983683068
1,1,0.9826310000035982
1,1,0.9944209131415381
1,1,0.9934384836395824
0,0,0.4430369768084994
1,0,0.3899186909721081
1,1,0.5616820320104406
1,1,0.9990541754036983
1,1,0.9548318434842866
1,1,0.9807450353844945
1,1,0.9074110491215263
1,1,0.6639906230006533
0,1,0.5598482882440099
1,1,0.8067884537668882
0,1,0.522606254591313
0,0,0.034426984525364725
0,0,0.13666527735641595
1,1,0.9988334076365699
1,1,0.9005789014422874
1,0,0.43946630337267967
1,1,0.9556359989121206
0,0,0.3944014078149636
1,1,0.8324411106644666
0,0,0.2676918179728595
1,1,0.9937719962606462
0,0,0.08160143331799637
1,1,0.9965402534448866
0,1,0.8283040374222125
1,1,0.9430766032052261
1,1,0.9998003504541535
1,1,0.996759303725597
1,1,0.5272959680260668
1,1,0.7236105579443447
1,1,0.9245304865662212
0,0,0.2717434975679176
1,1,0.9855852333581331
1,1,0.7984724355203551
0,0,0.07869867841563938
1,1,0.7898917015669282
1,1,0.9995436746916828
1,1,0.9769504170907978
1,1,0.9869303290151759
1,1,0.9946351715235943
1,1,0.9769504170907978
0,0,0.02388816479244427
0,0,0.013948476621776564
1,1,0.9691194615272768
1,1,0.9990032423247183
1,1,0.864043493678873
1,1,0.987098553863
1,1,0.9890197437219272
1,0,0.36221056877972035
1,1,0.7064096145052104
1,1,0.995506351417736
0,0,0.27434876526483226
1,1,0.8348607823408949
1,1,0.994462065721587
0,0,0.3402942388642615
1,1,0.8881934672670667
1,1,0.8495606894272887
0,0,0.11415844213585788
0,0,0.06949087458671113
1,1,0.9870033978880907
0,0,0.002444519373180695
1,1,0.9455385814285739
1,1,0.9935234891988433
0,1,0.8421529298916973
0,1,0.5324201654002287
0,1,0.6156494798601746
0,0,0.15346346801371902
0,0,0.04691230600025113
1,1,0.9990786583943336
1,1,0.9017479396081659
1,1,0.929844916622636
0,0,0.06071571320750395
1,1,0.9998003504541535
0,0,0.016715156886727752
0,1,0.5411357816716854
1,1,0.9106666373941757
1,1,0.9682824489510732
1,1,0.7145091574861981
1,1,0.9570428246355066
0,0,0.048560181212058705
1,1,0.9729287528945916
0,1,0.7009359908554015
0,0,0.43118352638737417
1,1,0.9630716776963741
1,1,0.5240232759893068
0,0,0.4390316900247351
1,1,0.5324201654002287
1,1,0.9311749804746109
0,1,0.94845817759998
0,0,0.19277826366648806
0,0,0.11698022454757168
1,1,0.9998003504541535
0,0,0.29301375436369714
1,1,0.9937719962606462
0,0,0.05724744922375124
1,1,0.8815084230469536
1,1,0.669821916918251
0,0,0.01638040758881561
1,1,0.976046881051989
1,1,0.94845817759998
0,1,0.6391790504664908
0,0,0.468301478141243
1,1,0.9989900865622885
1,1,0.9876599339148053
1,1,0.9797281529580852
0,0,0.2728691073196614
0,0,0.1855968214683069
1,1,0.7942152027524895
1,1,0.7529236836661327
0,0,0.19162236949017258
1,1,0.7480079080498602
0,0,0.2860824610014952
1,1,0.8815084230469536
1,1,0.8694505266248804
1,1,0.7810457993192712
0,0,0.009381918943121589
0,1,0.6341066189092583
1,1,0.8773333521992763
1,1,0.9608795068041615
1,1,0.9946047751011912
0,1,0.7810457993192712
1,1,0.9074110491215263
1,1,0.9997663009673536
1,1,0.9870033978880907
1,0,0.47484286066641956
1,1,0.9800983032435343
0,1,0.516053465833837
1,0,0.4977910349630137
1,1,0.9527689905514983
0,0,0.03590955287297362
1,0,0.3944014078149636
0,0,0.027580105859112636
0,0,0.06352214748395221
1,1,0.9913740547335305
1,1,0.9982486476531268
1,1,0.8787389184869492
1,1,0.7529236836661327
1,0,0.4408660760531916
1,1,0.7064096145052104
0,0,0.16700402873517461
0,0,0.1266595886762311
0,0,0.32792023926809344
1,1,0.994502916429097
1,1,0.9989632523774195
1,1,0.7198336535445193
1,1,0.7911246185334464
1,1,0.9464989196244509
1,1,0.936393052505093
1,1,0.6813279535497268
1,1,0.9394493754316038
1,1,0.9996251946764233
1,1,0.9944932617098389
1,0,0.488729347158292
1,1,0.8945464740396184
0,0,0.4365695055984554
1,1,0.6013699119300541
1,1,0.9988486020440475
0,0,0.009629059663962729
1,1,0.9900475886709849
1,1,0.9965852131752794
0,1,0.6581089088892188
1,0,0.36221056877972035
0,0,0.08136778138665221
0,1,0.5149737255836151
0,0,0.013492539057379774
1,1,0.9929445787163662
0,0,0.01987392739523256
0,1,0.5018528125453431
1,1,0.999583715747749
1,1,0.9696373892115588
1,1,0.9998178731538345
0,0,0.003572811954667642
0,0,0.1332365069527251
0,0,0.09570963558377121
0,0,0.15633383749261667
0,0,0.030320696598032607
1,1,0.9952919646920566
1,1,0.9947047564239382
0,0,0.1032708433298929
0,0,0.3455055680411727
0,0,0.47015566222137073
1,1,0.9977537219958321
0,1,0.6125390065570249
1,1,0.9775341970893136
0,0,0.34422217143686745
1,1,0.870093940428941
1,1,0.9982939463957221
1,1,0.9990235166937365
1,1,0.7745457659056038
1,1,0.9757380929297094
0,0,0.18166170500797324
1,1,0.9158636495706328
1,1,0.6813279535497268
1,1,0.9820464536854656
0,0,0.03083793204569281
0,0,0.48653013295047287
1,1,0.9570428246355066
1,0,0.36089933692236076
1,1,0.9799872000358819
0,0,0.025037712150944916
0,1,0.732875998909476
0,0,0.008906334456310163
0,0,0.09283275891966684
1,1,0.9982255500207126
1,1,0.9989632523774195
1,1,0.8957782354253906
0,0,0.0973496874988618
1,1,0.9945646772033089
1,1,0.7230985451647154
1,1,0.989240898632412
1,1,0.9550761975070822
1,1,0.6797093286330601
0,0,0.4247571288721397
1,1,0.9983161552290777
1,1,0.9245304865662212
1,1,0.9471596902565041
0,1,0.998468522671587
0,0,0.11283782775316564
1,1,0.7262278931580892
1,1,0.9637347062126157
1,1,0.9947734435109438
0,0,0.1356300350613796
1,0,0.4247571288721397
0,0,0.02101154380373551
1,1,0.8097030202477338
0,0,0.055158991149989005
1,1,0.9779435056633495
0,1,0.8855599275067289
1,1,0.6639906230006533
1,1,0.9813388648433959
1,0,0.1325818695132009
1,1,0.9996580850668344
1,1,0.8938421039022779
0,1,0.5606174167291886
1,1,0.9734653036207241
1,1,0.9717164063650301
1,0,0.3604924526432482
0,0,0.07869867841563938
1,1,0.9613699173755036
1,1,0.6756014532431686
1,1,0.9921253056593492
0,1,0.732875998909476
0,0,0.03123263465978054
1,1,0.9859534625487603
1,0,0.20129841818227176
0,0,0.22681655870449915
1,1,0.9858745752586011
0,0,0.026351784097423274
1,1,0.808826214871534
1,1,0.8809138065064666
0,0,0.2053304947478992
1,1,0.995564687003552
1,1,0.8715703158750235
1,1,0.7765234655761505
1,0,0.3993251300585087
1,1,0.5272959680260668
1,1,0.8356424458179031
1,1,0.9964018042223074
1,1,0.7765234655761505
0,0,0.44627811032896164
1,1,0.9017479396081659
1,1,0.9990786583943336
1,1,0.9988334076365699
1,0,0.36089933692236076
1,1,0.9731241518504448
1,1,0.9952919646920566
1,1,0.9990786583943336
0,1,0.9997923338607022
1,0,0.42293906945549625
1,1,0.5905210438215074
0,0,0.04375121423883895
0,1,0.7455258332576096
1,1,0.8469127038946063
1,1,0.9168695527814661
0,0,0.42155330232066085
1,1,0.9997370054657294
0,0,0.06617180726128533
0,1,0.6841709319594019
1,1,0.9112704562853471
0,0,0.15765778391584898
0,0,0.007137867144124469
1,1,0.9921695613079969
1,0,0.1039623287285646
1,1,0.997491474172919
0,1,0.9986914083978533
0,0,0.05778974075767668
1,1,0.9984434762641826
1,1,0.808826214871534
0,0,0.08039207273825019
0,1,0.6841709319594019
0,0,0.034865971735815356
1,1,0.9401917105704749
0,0,0.12875447773522522
0,0,0.0906455582471133
0,0,0.16117534258505695
0,0,0.06318507129079584
0,0,0.06698749834357998
1,1,0.9870033978880907
0,0,0.00686415882252713
1,1,0.9475310583029907
1,0,0.09917228984404536
0,0,0.0289357922824356
1,1,0.9769504170907978
0,0,0.2385314261731755
1,1,0.9821772470885347
0,0,0.3612124622895339
0,0,0.14583640135459014
1,1,0.9106666373941757
1,1,0.9962085818110393
0,0,0.01366836457391946
1,1,0.9659598573222623
0,0,0.09199373476336807
1,1,0.9858745752586011
1,1,0.990481884842009
1,1,0.9368350434846737
0,0,0.015421407851112245
1,1,0.9394493754316038
1,1,0.5763818183094227
1,1,0.9926218142316994
0,0,0.005946825398830212
1,1,0.9942409339386405
1,1,0.7480079080498602
1,1,0.5584480521592965
1,1,0.9461206616429909
1,1,0.9983161552290777
1,1,0.9930872354899577
1,1,0.7048632008047627
0,0,0.38267066799405275
0,0,0.010011906955946375
0,0,0.3993251300585087
0,0,0.09620240407950222
1,1,0.9478127499420885
1,1,0.9912610855446503
1,1,0.7082318370983947
1,1,0.7515360974250898
1,1,0.832005218335025
1,0,0.44410399141927365
1,1,0.927733131270129
0,0,0.06555633216694666
0,0,0.31806833401933027
1,1,0.7963520987710089
1,1,0.9850149874400572
1,1,0.7288297311580694
1,1,0.7317624760514868
0,0,0.04284294956384365
0,0,0.2975767395196287
1,1,0.9921253056593492
0,0,0.0037646764097772688
0,0,0.05724744922375124
0,0,0.2702726573230238
1,1,0.6784714104799113
1,1,0.979200170437572
0,1,0.6727182360710372
1,1,0.9455385814285739
1,1,0.9837163102862061
1,1,0.9657725812324998
1,1,0.9245304865662212
0,1,0.7405135975921033
1,1,0.967644580471096
0,0,0.3425435546907932
0,0,0.00434687223868594
0,0,0.03873787026699101
1,1,0.9952919646920566
1,1,0.802663478746088
1,1,0.8264293405037616
0,1,0.5029335684897756
1,1,0.9978562507385101
1,1,0.9918116344671676
1,1,0.813982317242259
1,1,0.9978562507385101
1,0,0.003480565408924434
1,1,0.9974057304140368
1,1,0.9017479396081659
0,1,0.7709334070469199
0,0,0.13629735824302497
0,0,0.009381918943121589
0,0,0.06781251417606367
1,1,0.8010741671577172
1,1,0.6021180497966391
1,1,0.9386984272454916
1,1,0.9885195057037858
1,1,0.9951673438815715
1,1,0.7765234655761505
0,0,0.018238259818694372
0,0,0.1485891545878966
1,1,0.9964485567015097
1,1,0.905181845488775
1,1,0.9884548609153607
1,1,0.9680530043693237
1,1,0.8855599275067289
1,1,0.9978961049706292
0,0,0.10950845255247452
1,1,0.7942152027524895
1,1,0.9943893096068215
1,1,0.9711455398956033
1,1,0.7504738762095161
0,0,0.15690487732238936
1,0,0.43334370074075523
1,1,0.9965852131752794
1,1,0.9997632140903676
1,1,0.9401917105704749
0,0,0.4650347266846182
0,0,0.052330806497616844
1,1,0.864043493678873
0,0,0.0026442845932676843
0,0,0.08640991662049079
1,1,0.9947047564239382
1,0,0.46907887224132155
0,0,0.08039207273825019
1,1,0.9698558090130334
1,1,0.9845362951814395
1,1,0.9386984272454916
0,1,0.999781142238036
0,0,0.005644379135219405
1,1,0.717178994297654
1,1,0.9346554076428628
0,0,0.027381137352262053
1,1,0.6076457936834125
1,1,0.8356424458179031
1,1,0.9017479396081659
1,1,0.9872646413638971
1,1,0.9632731698540008
1,1,0.9323704816004175
1,1,0.5841586993356982
0,0,0.2199854952182874
1,1,0.8490073270754374
1,0,0.07436706556227889
0,0,0.12096495798363993
0,0,0.24412900160167367
0,0,0.0025759497486471353
0,0,0.2914738646928429
1,1,0.9711455398956033
0,0,0.0049535322118045896
1,1,0.9988024153615671
0,1,0.64390945842304
0,0,0.027381137352262053
0,0,0.037772113276628
1,1,0.9741350146595307
1,1,0.6870001989671739
0,0,0.07942705252951361
1,1,0.9734653036207241
1,1,0.9989495693603937
1,0,0.4173044749512476
0,1,0.8618191671536837
0,0,0.0692118529072898
1,1,0.9941652896903262
1,1,0.6610559825966887
1,1,0.994011025457438
0,0,0.42796728973231485
0,0,0.09357670120123684
0,0,0.018004721703134115
1,1,0.998714014213436
0,0,0.1721085680409933
1,1,0.9970813878318777
0,0,0.007045447816398047
1,1,0.8512305241850365
1,1,0.953356138257564
1,1,0.9990786583943336
1,1,0.8894902683193134
1,1,0.9741350146595307
1,1,0.9915333963340822
1,1,0.9987379420177451
0,0,0.08562346317122217
0,0,0.37268251696422416
0,0,0.07208057647710579
1,0,0.3221612162133262
1,1,0.8245385103777619
0,0,0.07267153740208829
1,1,0.9672311118572204
1,1,0.9940886577764245
0,0,0.03083793204569281
0,1,0.7529236836661327
1,0,0.4133591694002146
1,1,0.945153927197127
1,1,0.9990786583943336
1,0,0.4325772766864919
0,0,0.07385620215934817
1,1,0.7877050876325817
1,1,0.9752463310205981
1,1,0.7082318370983947
0,0,0.13629735824302497
1,1,0.9448587189401245
1,1,0.8076723828330186
0,0,0.4985714790724602
1,1,0.9990786583943336
0,0,0.04125698872368679
0,0,0.0906455582471133
1,0,0.12236756981195657
1,1,0.9988334076365699
1,1,0.9907943579892672
1,1,0.9997504535256516
0,0,0.3412654236986259
0,0,0.42796728973231485
0,0,0.21278001898417884
1,1,0.9965402534448866
0,0,0.039229593369560355
0,0,0.026803186015536655
0,0,0.10727328877578071
0,0,0.2996719581754492
1,1,0.9843351906678879
1,1,0.9860561971341337
1,1,0.9998202475920218
1,1,0.9894392249066382
1,1,0.9951399479455683
1,1,0.9458303585966025
1,1,0.9988635987754916
1,1,0.8519484445168719
1,1,0.9928116030451495
1,1,0.998634674850593
1,1,0.8356424458179031
0,1,0.8056252784366559
1,0,0.45710049560166466
1,0,0.31240190727918177
1,1,0.7963520987710089
0,0,0.06698749834357998
1,1,0.9254412075795885
0,0,0.16657019243080717
0,0,0.034135577977924776
1,1,0.8128524043954113
0,1,0.7302986177767873
0,0,0.012007276776900035
0,0,0.4056380802449209
1,1,0.732875998909476
0,0,0.007231489962039145
1,1,0.7539788949169225
0,1,0.999783995443899
0,0,0.098005858903206
0,0,0.19162236949017258
0,0,0.3744247154174612
1,1,0.9984434762641826
1,1,0.9943156031025563
1,1,0.9682824489510732
1,1,0.997042941447177
1,1,0.9974249233336536
1,1,0.9168695527814661
1,1,0.8179243620343402
1,1,0.9891002998408384
1,1,0.783282132333204
0,0,0.007718203526768724
1,1,0.9927173223215874
1,1,0.9608795068041615
0,0,0.27724140576930373
1,1,0.9783828726029067
0,0,0.1948290076205151
1,1,0.6841709319594019
1,1,0.9707754587185996
0,0,0.21721029406639905
1,1,0.9989216597640695
0,0,0.22397992651321857
0,0,0.188726167786369
0,0,0.253128565985703
1,1,0.9901760894396247
1,1,0.7615303001451758
0,0,0.018876620948374962
1,1,0.9497264498325336
0,0,0.07911152677781617
1,1,0.9973715452763695
0,0,0.010683741900594557
0,1,0.5809668365160402
1,1,0.6491948685882406
1,1,0.7649286592468305
1,1,0.9989767573406357
0,0,0.2957401332040899
0,0,0.07407002338737045
0,0,0.1594087009313672
0,0,0.015421407851112245
0,0,0.030320696598032607
1,1,0.992066927056246
0,1,0.7339865796460656
0,1,0.5324201654002287
0,1,0.6841709319594019
1,1,0.9918576384750956
1,1,0.7583471730798054
0,0,0.028449524323280403
1,1,0.999808057640241
0,0,0.015421407851112245
1,1,0.9272323975288678
1,1,0.9985229704033362
0,0,0.06146857485706154
1,0,0.4151656755795612
0,0,0.062230153336926004
1,1,0.9956222686194779
0,0,0.24035316532682782
1,1,0.6341066189092583
1,1,0.9940886577764245
1,0,0.48139288818637394
0,0,0.24517873639168766
1,1,0.9951673438815715
0,0,0.11563122804698397
0,1,0.9263418141419785
1,1,0.9835047205864631
0,1,0.7908328909832878
0,0,0.22857568465699646
0,0,0.30800039854590977
1,1,0.9323704816004175
1,1,0.9990786583943336
0,0,0.02612688042109327
0,1,0.6710769919700404
0,0,0.07436706556227889
1,1,0.985770521837321
1,1,0.9950394408223829
0,0,0.35217743048117284
1,1,0.9767821730007215
0,0,0.35316437397378353
1,0,0.30587238217395174
1,0,0.3836924529311955
1,1,0.9245304865662212
0,0,0.2860824610014952
1,1,0.9641906581790691
0,0,0.13784987247576191
0,0,0.1008650585138316
0,0,0.07092221198617592
1,1,0.7118242445132328
1,1,0.8982036580372734
0,0,0.0871073299290896
0,0,0.42155330232066085
0,0,0.04917020719750738
0,0,0.18362109288406187
1,1,0.9613699173755036
0,1,0.5777681824588701
0,1,0.8512305241850365
0,0,0.1559225313351826
1,1,0.990604831398769
1,1,0.9804127552514041
1,1,0.9985422022326536
1,1,0.997336910877993
1,1,0.9444695449279887
1,1,0.9074110491215263
0,1,0.5777681824588701
1,1,0.802663478746088
1,1,0.8801305796948278
0,0,0.22989109483066086
0,0,0.2728691073196614
1,0,0.2550244511700057
0,0,0.02808897349936626
1,1,0.9259532826875959
1,1,0.9947734435109438
1,0,0.24517873639168766
1,1,0.9994997841413371
1,1,0.8993975054547774
1,1,0.9963064516362333
0,0,0.4151656755795612
1,1,0.9981784385470024
1,0,0.40700834154640075
1,1,0.9793155507027861
1,1,0.9935234891988433
0,0,0.2957401332040899
1,1,0.5905210438215074
1,1,0.9997782513525139
0,1,0.516053465833837
1,1,0.9888762873990151
0,0,0.012413656172565467
1,1,0.9980551255096889
1,1,0.962126645589018
1,1,0.9984637415633683
1,1,0.9997950411934786
0,1,0.833831800527995
1,1,0.9990786583943336
1,0,0.098005858903206
0,0,0.46362184572478005
0,0,0.005498941900628233
1,1,0.975425424335236
0,0,0.24412900160167367
1,1,0.6431933353324214
1,1,0.9289838583011274
1,1,0.6169927291670875
1,1,0.7405135975921033
0,1,0.5127748588254253
1,1,0.9998105600217538
1,0,0.49450989540478735
1,1,0.6021180497966391
1,0,0.40776201855962246
0,1,0.6052582688397564
1,1,0.9800983032435343
1,1,0.802663478746088
0,1,0.6080663929062181
1,1,0.9952919646920566
1,1,0.9929046719448192
1,1,0.9997438177008775
0,0,0.47234894891091833
1,1,0.7302986177767873
1,1,0.8168130052473578
1,1,0.92267833460008
0,0,0.37750411642461396
0,1,0.6107705877520495
1,1,0.9909133053240968
0,1,0.5735059066426187
1,1,0.9891002998408384
1,1,0.9931261225646032
1,0,0.3690231315215833
1,1,0.9698954655530946
1,1,0.905181845488775
1,0,0.1266595886762311
1,1,0.6534656152331169
0,0,0.25895219965858385
0,0,0.05041212240189612
1,1,0.9455385814285739
1,1,0.6727182360710372
1,1,0.9968840403131942
1,1,0.5855379136227113
0,1,0.5552091066547443
0,0,0.022694081509844324
0,0,0.1721085680409933
1,1,0.9835047205864631
1,1,0.998069523374735
1,1,0.9056682636184455
0,0,0.05248584117141436
1,1,0.9725808970910168
0,0,0.2860824610014952
1,1,0.9806039391641405
0,0,0.12050602235416336
1,1,0.9976017262843103
0,0,0.37341265729980294
1,1,0.8815084230469536
0,0,0.027496503792135852
0,1,0.6898156115938644
1,1,0.8256130045425443
0,0,0.28340928605143284
1,1,0.9977241119399108
1,1,0.9998202475920218
1,1,0.7752288498563153
0,1,0.5777681824588701
0,1,0.725097052466242
1,1,0.9970039901365138
1,1,0.9340070744192851
1,1,0.6341066189092583
1,1,0.8409793064938235
1,1,0.808826214871534
1,1,0.9127793170637408
1,1,0.5272959680260668
1,1,0.9521748226633879
0,0,0.0987867429229565
1,1,0.9990290424540451
1,1,0.9995436746916828
1,0,0.4617709722471256
1,1,0.9997977132380382
1,1,0.7855018969824368
1,1,0.9989767573406357
1,1,0.9869303290151759
0,0,0.3012367450214883
0,0,0.0729634131819012
0,0,0.4204994842313269
1,1,0.9988334076365699
1,1,0.984219979040385
1,1,0.6739676604361945
0,0,0.12378415498813816
1,1,0.9979771741098209
0,0,0.06636497555119102
1,1,0.6873794962982278
1,1,0.8207082758338305
0,0,0.18166170500797324
0,0,0.0765951945924991
1,1,0.5809668365160402
1,1,0.9523167833013287
1,1,0.9963064516362333
1,1,0.8283040374222125
1,1,0.9766529981559756
1,1,0.9997537067157
1,1,0.9879081420988578
0,0,0.10727328877578071
1,1,0.9946351715235943
0,1,0.5552091066547443
1,1,0.994502916429097
0,0,0.007422408015643323
1,1,0.7635873237548603
1,1,0.9990664970850345
1,1,0.8887563254575769
1,1,0.888930659565206
1,1,0.9722286990519942
0,1,0.8148408881119475
1,1,0.8618191671536837
1,1,0.9978562507385101
1,0,0.4977910349630137
1,1,0.6841709319594019
0,0,0.11473414426726604
1,1,0.9937719962606462
1,1,0.9918576384750956
1,1,0.9781035229986774
1,1,0.9978683677731486
1,1,0.9203692976432407
1,1,0.9968840403131942
1,0,0.28672048452090615
0,0,0.10727328877578071
0,0,0.3250341150537901
1,1,0.8655780088401652
1,1,0.9993497237691943
1,1,0.9995496223209375
0,0,0.2614788653770264
1,1,0.9968840403131942
1,1,0.9630716776963741
1,1,0.8759137942754448
1,1,0.9961081288096565
0,0,0.007326331708969093
1,1,0.8108475229279075
0,0,0.3744247154174612
0,0,0.12680980691172988
1,1,0.9998178731538345
1,1,0.8283040374222125
1,1,0.8863122613623281
0,0,0.15517638497015157
0,0,0.16657019243080717
1,1,0.8890646006371008
1,1,0.9917043480618868
0,0,0.3961810153740033
1,1,0.9997977132380382
1,1,0.9990786583943336
1,1,0.9931474012801859
0,0,0.2702726573230238
0,0,0.1258383383537607
1,1,0.9988334076365699
1,1,0.9946747521497049
0,0,0.08875702820098641
1,1,0.992327767429788
1,1,0.9985422022326536
1,1,0.9983213948799015
1,1,0.6926170306320417
0,1,0.752118575432115
0,0,0.019510898160326216
0,0,0.016932256554379556
1,1,0.9990664970850345
0,0,0.02358401842127319
1,1,0.9352637220522516
1,1,0.9988635987754916
0,0,0.3764887441133851
0,1,0.5519654636702351
0,0,0.008130864152433106
1,1,0.9821772470885347
1,1,0.9306963136166195
1,1,0.995564687003552
1,1,0.9732723168606268
0,0,0.00686415882252713
1,1,0.987098553863
1,1,0.941650879180239
0,0,0.43763318296806936
1,1,0.9888136288558578
1,1,0.9922708780726011
1,1,0.9989495693603937
1,1,0.8207082758338305
0,1,0.9085079132944119
1,1,0.8881934672670667
0,0,0.03070898875215886
1,0,0.3518678230599944
1,1,0.8427267590809823
0,0,0.11079496741936262
1,1,0.9767821730007215
1,1,0.9659598573222623
1,1,0.8767207143072232
1,1,0.95171721491529
0,0,0.03123263465978054
0,0,0.11036977169194848
0,0,0.08460142292901757
1,1,0.9005789014422874
0,0,0.08392222842189989
0,0,0.10950845255247452
0,0,0.26830424075567666
0,0,0.23615559552715765
1,1,0.9515735600353987
1,1,0.9987307616973333
1,1,0.9922271905545811
0,0,0.4101800119624223
0,0,0.20038668137621662
1,1,0.962805986367316
0,0,0.08606924480502608
1,0,0.3383209706534375
0,1,0.5519654636702351
1,1,0.9117286857097701
1,1,0.9609457806780988
0,0,0.019958312362075143
0,1,0.5841586993356982
1,1,0.6813279535497268
1,1,0.7877050876325817
0,1,0.5745629918530176
1,1,0.9893797032678032
1,1,0.9976941124712991
1,1,0.9866855209022624
0,0,0.20462598959160008
1,1,0.9938527078433493
1,1,0.9074110491215263
1,1,0.8301626473181773
1,1,0.9653360473807329
1,1,0.7567304337434164
0,0,0.30958944912131836
1,1,0.9678768610324218
1,1,0.9521748226633879
0,0,0.008454652351977683
1,1,0.9289838583011274
1,1,0.8868833838387831
1,1,0.9761793276426217
1,1,0.9782624052310918
1,1,0.7236105579443447
1,1,0.999813029785442
1,1,0.9344644846838241
0,1,0.5519654636702351
1,0,0.24333213799976564
1,1,0.9895754978702758
0,0,0.1008650585138316
1,1,0.9601664350436759
1,1,0.9885195057037858
1,1,0.8301626473181773
0,0,0.05431833848028511
1,1,0.9997600864493149
0,0,0.3209220144760274
1,1,0.9912610855446503
0,0,0.08699945711803297
1,1,0.9521748226633879
0,0,0.08335163665768928
0,0,0.02856926003147607
1,1,0.9976941124712991
1,1,0.9998202475920218
0,0,0.1500841027034897
1,1,0.8957782354253906
1,1,0.8067884537668882
0,0,0.2702726573230238
0,0,0.009629059663962729
1,1,0.9970813878318777
1,1,0.9990854860098612
1,1,0.9837163102862061
1,1,0.8801305796948278
1,1,0.9848463682774666
0,0,0.025873550052336197
1,1,0.9942409339386405
0,0,0.015421407851112245
1,1,0.9985799189849746
1,0,0.4658114487888837
1,1,0.9776586079454826
0,0,0.2500692973954357
1,1,0.9920220960091088
1,1,0.9951673438815715
0,0,0.22757560379346806
0,0,0.06536535280480678
1,1,0.9707754587185996
0,0,0.03590955287297362
1,1,0.7529236836661327
0,0,0.028814565978298217
1,1,0.8061136675604763
1,1,0.7354376723016417
0,0,0.1332365069527251
0,0,0.02155836788285748
0,0,0.0885048619138289
1,1,0.9862355163562156
1,1,0.9972662707340999
0,0,0.05380676187092561
1,0,0.01341713818742433
1,1,0.7529236836661327
1,0,0.023057237418867223
1,1,0.9715110721297138
1,1,0.9744636716418852
1,1,0.6727182360710372
1,1,0.9705635002955597
0,0,0.45384518499957144
0,1,0.663025420556987
0,0,0.05850858097625025
0,0,0.009755036812796953
0,1,0.6534656152331169
1,1,0.9242282913089184
1,1,0.832005218335025
1,1,0.9773701154365209
1,1,0.9844225392314909
1,1,0.9198219498933217
1,1,0.9998029532956114
0,0,0.012413656172565467
1,1,0.9829490687236798
1,1,0.9855852333581331
1,1,0.9940447470057971
0,0,0.012811275476167953
1,1,0.9940886577764245
1,1,0.9954808685609198
0,0,0.02328365209978337
0,0,0.2914738646928429
0,0,0.12050602235416336
1,1,0.9591502084745178
0,0,0.002444519373180695
1,1,0.8512305241850365
1,1,0.9785026870286089
1,1,0.9722286990519942
0,0,0.47997489846339436
0,1,0.582349068335818
1,1,0.9188486095872461
1,1,0.8056252784366559
1,1,0.9379387810533621
0,0,0.12096495798363993
1,0,0.46907887224132155
1,1,0.9980034983315873
0,1,0.6000073923047792
1,1,0.9845362951814395
1,1,0.995564687003552
0,0,0.020922800779174203
0,0,0.04896848379996749
1,1,0.8715703158750235
0,0,0.03231084602736779
1,1,0.9990416912395266
1,1,0.9063023912515848
1,0,0.41654556560423434
1,1,0.979840664709651
1,1,0.783282132333204
1,0,0.3312101685193977
1,1,0.9899174241750905
1,1,0.9963064516362333
0,0,0.07385620215934817
1,1,0.9907943579892672
1,1,0.9739467683463449
1,1,0.669821916918251
0,0,0.4930900045985326
1,1,0.9994067732850547
1,1,0.6551495781507026
1,1,0.8427267590809823
1,0,0.17443593389070056
1,1,0.5403605107407691
1,1,0.6981773500132223
1,1,0.7064096145052104
0,0,0.09620240407950222
1,1,0.9127793170637408
0,1,0.783282132333204
0,0,0.06352214748395221
1,1,0.9940886577764245
0,0,0.06456804726101903
1,1,0.9657725812324998
1,1,0.7920617389436475
1,1,0.6401754880799728
1,1,0.9017479396081659
1,1,0.8773333521992763
1,1,0.9773701154365209
1,1,0.9864884852228581
1,1,0.6784714104799113
1,1,0.516053465833837
1,1,0.999813029785442
1,1,0.995564687003552
0,1,0.6972655766749078
0,0,0.0028603277448089924
1,1,0.9437771307735141
1,1,0.9752463310205981
0,0,0.021624316733684222
0,0,0.04035177157788505
0,0,0.25752611104020917
1,1,0.9992585854801024
1,0,0.3635238548539805
0,0,0.05447892289563165
1,1,0.9828536017782011
0,0,0.3136234037966967
0,0,0.02039176176434425
1,1,0.9328384197393784
1,0,0.3868009466050503
1,1,0.7787929065349525
1,1,0.9821772470885347
1,1,0.9880639333464989
1,1,0.9672311118572204
1,1,0.8495606894272887
0,0,0.17588122263135847
1,1,0.8374372079450197
1,1,0.92267833460008
1,1,0.5389493341522548
0,1,0.6094193307230216
0,0,0.1559225313351826
1,1,0.9997693476113244
1,1,0.9680530043693237
0,0,0.35316437397378353
1,1,0.999781142238036
1,1,0.9148467050673842
1,1,0.9875905097788608
1,1,0.9997723545464189
0,0,0.36829652922204437
0,0,0.14953348364513705
1,1,0.9752463310205981
1,1,0.9969245462884686
1,1,0.9961586823943323
1,1,0.9725808970910168
1,1,0.9127793170637408
0,0,0.0033466270953344175
1,1,0.962126645589018
0,1,0.6431933353324214
1,1,0.999479705091072
1,1,0.9379387810533621
1,1,0.94845817759998
0,0,0.05364804632959495
1,1,0.9948412442463185
1,1,0.7455258332576096
1,1,0.7649286592468305
1,1,0.9900475886709849
0,1,0.6825600194029916
0,1,0.550896118184577
1,1,0.9311749804746109
0,1,0.6208247810221021
1,1,0.8933018888948681
0,0,0.08235427159070413
0,0,0.48653013295047287
0,1,0.771935000772235
0,1,0.5519654636702351
0,1,0.725097052466242
0,0,0.21647613196665352
0,0,0.016593232838557057
1,1,0.9980182776326694
1,1,0.9997977132380382
0,0,0.4261456689838538
1,1,0.9952919646920566
1,1,0.9913101555549648
1,1,0.9907262047104974
0,0,0.34847961836062324
1,1,0.7466020059288924
0,0,0.4846704431051543
1,1,0.9990541754036983
1,1,0.9863124158586893
1,1,0.9815777162055945
1,1,0.9998055222102912
0,0,0.40700834154640075
1,1,0.9286081890298459
1,1,0.8067884537668882
1,1,0.9613699173755036
0,0,0.00610403564896609
1,1,0.9867599400677977
0,0,0.3868009466050503
1,1,0.997336910877993
1,1,0.8301626473181773
0,0,0.253128565985703
0,0,0.2822570748256234
1,1,0.9987212891562184
0,0,0.13822131174988955
1,1,0.9837163102862061
1,1,0.9989900865622885
1,1,0.9989495693603937
1,1,0.9655256267148101
0,0,0.20748044640690427
0,0,0.024507978607316402
1,1,0.6310560017412638
0,0,0.2921189922348559
0,1,0.9997693476113244
1,1,0.9700214371323971
1,1,0.9979234819975661
1,1,0.9775341970893136
1,1,0.6521781702430801
1,1,0.9653360473807329
1,1,0.9722286990519942
1,1,0.9906338413937132
1,1,0.8168130052473578
0,0,0.0885048619138289
1,1,0.9872646413638971
1,0,0.46113511858284817
1,1,0.8677511134569345
1,0,0.3534745000463696
0,0,0.11912185194136318
1,1,0.9990786583943336
1,1,0.8773333521992763
1,1,0.8538167148051891
0,0,0.019619863369109324
1,1,0.9203692976432407
0,1,0.9997632140903676
1,1,0.929844916622636
1,1,0.9674662609234929
1,1,0.9245304865662212
1,1,0.9968840403131942
1,1,0.9915956678696458
1,1,0.995929494026525
1,1,0.7635873237548603
0,1,0.9997370054657294
1,1,0.9781035229986774
0,0,0.36424647056279263
1,1,0.9809913401825955
1,1,0.9168695527814661
1,1,0.9989767573406357
1,1,0.9217367196530776
1,1,0.9323704816004175
1,1,0.6717657108689779
1,1,0.8609301814829144
0,0,0.47015566222137073
1,0,0.04691230600025113
0,0,0.3024337872542665
1,1,0.9635356503019724
0,0,0.0612196453016078
1,1,0.9858745752586011
1,1,0.9437771307735141
0,0,0.07120760133493581
1,1,0.9886675105116426
1,1,0.9894392249066382
1,1,0.9929965443721402
1,1,0.9983161552290777
1,1,0.9865873599531256
0,0,0.3324696470520044
0,0,0.025873550052336197
1,1,0.9427708907997085
1,1,0.9555273974392728
0,1,0.6371465157037023
0,0,0.2355929267036115
1,1,0.9982714451492708
1,1,0.8014815806426164
1,1,0.9885195057037858
0,0,0.20555205641913712
1,1,0.9996797964861299
1,0,0.4408660760531916
0,0,0.013948476621776564
0,0,0.03545790896615168
0,1,0.8409793064938235
1,1,0.7277056080299026
1,1,0.9993056472936804
1,1,0.9978683677731486
1,1,0.9985034852405636
1,1,0.9613699173755036
1,1,0.9990416912395266
0,0,0.18606914952909673
1,1,0.9810969763270047
1,1,0.9998202475920218
1,0,0.21624600047733367
1,0,0.37034677526641846
1,1,0.9386984272454916
1,1,0.8842230082129104
1,1,0.9987706007437336
1,1,0.7951420477558511
1,1,0.9423678801869569
1,1,0.9957484450837086
0,0,0.0772200889163357
0,0,0.0729634131819012
1,1,0.6756014532431686
0,1,0.5649107797104264
0,0,0.08504237840123924
0,0,0.1508101344070682
1,1,0.7963520987710089
0,1,0.9997753222899541
1,1,0.9948120093151643
1,1,0.9825034771762856
1,1,0.9990416912395266
1,1,0.992327767429788
0,0,0.01402682102375171
0,0,0.20677048397852063
0,0,0.012413656172565467
1,1,0.7977758856803244
1,1,0.9632731698540008
0,0,0.2355929267036115
1,1,0.7189609673305131
1,1,0.9662038101416521
1,1,0.9937257481037979
1,1,0.9906738682555242
0,1,0.6756014532431686
1,1,0.9893797032678032
1,1,0.9984434762641826
1,1,0.7891733245355301
0,0,0.0105458991234981
1,1,0.9005789014422874
1,0,0.3916911540923271
0,0,0.033993329799916434
1,0,0.3933693068997381
0,0,0.3993251300585087
1,1,0.9289838583011274
1,1,0.9952030171827896
1,1,0.9323704816004175
1,1,0.9997370054657294
0,0,0.002444519373180695
0,0,0.24761591668111085
1,1,0.9095930779827923
1,1,0.9976017262843103
1,1,0.9978117939336192
0,1,0.6551495781507026
1,1,0.7553572798213336
1,1,0.9990786583943336
0,0,0.05637686651983026
1,1,0.967644580471096
1,1,0.9955395334774975
1,1,0.9990786583943336
1,1,0.9904281828946487
0,1,0.6597820555385279
1,1,0.732875998909476
0,1,0.6610559825966887
1,1,0.9990786583943336
1,1,0.7430277094045845
1,1,0.8356424458179031
1,1,0.6551495781507026
0,0,0.017928445534284628
0,1,0.717178994297654
1,0,0.11153056712489555
1,1,0.9989357059470192
0,0,0.4014383391104769
1,1,0.9990032423247183
1,1,0.9943893096068215
1,1,0.864043493678873
1,1,0.833831800527995
0,0,0.052330806497616844
1,1,0.6444959088023637
1,1,0.8881934672670667
1,0,0.07997312210895723
1,1,0.9984229440608903
1,1,0.7625603459284828
0,1,0.5338340408145419
1,1,0.7869812505845049
1,1,0.8993975054547774
0,0,0.12297892338587808
1,1,0.7855018969824368
1,1,0.9997753222899541
0,0,0.36221056877972035
1,1,0.8635348464308799
1,1,0.9458303585966025
0,0,0.010409816095214885
1,1,0.998818012953577
1,1,0.9895754978702758
1,1,0.9990541754036983
0,0,0.11283782775316564
0,0,0.031727990609291344
0,0,0.07054882604786486
0,0,0.07436706556227889
0,0,0.14787195327258265
0,0,0.05868078456295558
1,1,0.9985034852405636
1,0,0.11283782775316564
1,0,0.3612124622895339
0,0,0.2860824610014952
1,1,0.9462105387710634
1,1,0.6551495781507026
1,1,0.9985799189849746
1,1,0.7036801191122987
1,1,0.8093084649832525
0,0,0.005427626964735533
0,1,0.8409793064938235
1,1,0.9946747521497049
0,0,0.09570963558377121
1,1,0.9837163102862061
1,1,0.659385866627432
0,0,0.012163986026919003
1,1,0.9913740547335305
1,1,0.9471596902565041
1,1,0.847875461466689
0,0,0.4625469564121748
1,1,0.7262278931580892
0,0,0.3514655214452975
1,1,0.9985843390411311
1,1,0.9980440679985008
1,1,0.9423678801869569
1,1,0.9966733932865633
0,1,0.5338340408145419
1,1,0.962126645589018
1,1,0.9593721947259476
1,1,0.5873435184767087
0,0,0.1032708433298929
0,0,0.3415706185653395
0,0,0.4119823815637153
1,1,0.9995782181618841
0,0,0.11473414426726604
1,1,0.9922271905545811
0,0,0.004520660667669572
1,1,0.9872646413638971
0,1,0.9997950411934786
1,1,0.9926218142316994
0,1,0.9758722047289811
1,1,0.9977241119399108
0,0,0.34422217143686745
1,1,0.9987866121925764
1,1,0.9853975678939676
0,0,0.06753974235462497
0,0,0.06590516849467208
1,1,0.9596613872803773
1,1,0.9178645083054527
1,1,0.995506351417736
1,1,0.9835047205864631
0,0,0.26915379354438856
1,1,0.9993056472936804
0,0,0.15708451449451227
1,1,0.9672311118572204
1,1,0.6200896239929784
0,1,0.5968532247140763
1,1,0.8577573130692545
0,1,0.6431933353324214
1,1,0.9986873222002085
0,0,0.05431833848028511
1,1,0.9990786583943336
0,1,0.8444585607455659
1,1,0.8076723828330186
0,0,0.07436706556227889
0,0,0.05248584117141436
1,1,0.9889578842278863
1,1,0.9997923338607022
1,1,0.8868833838387831
0,0,0.2651266692045015
0,0,0.02378756746402176
0,0,0.12910507926175968
1,1,0.8686031518199351
1,1,0.8187687892567623
1,1,0.8572290336947441
0,0,0.24575693871107102
1,1,0.9982714451492708
0,0,0.027496503792135852
1,1,0.6571355352676868
0,0,0.39514729610041516
1,1,0.5389493341522548
0,0,0.018294242080380062
1,1,0.9975056478667068
1,1,0.9958452467486418
0,0,0.03190296623191163
1,1,0.9797281529580852
0,1,0.7198336535445193
0,0,0.14622571059764572
0,1,0.6882203699423939
1,1,0.9984021414494438
1,1,0.9371703514327611
1,1,0.9980551255096889
1,1,0.9912610855446503
0,0,0.07901269885512231
1,1,0.6231767715329964
1,1,0.9926218142316994
1,0,0.41973894993735456
0,0,0.20677048397852063
1,1,0.9427708907997085
1,1,0.9978683677731486
1,1,0.966017828972784
1,0,0.46688733414144745
1,1,0.659385866627432
1,1,0.9961081288096565
0,1,0.5291512711446451
0,1,0.8842230082129104
1,1,0.9315381388708267
0,0,0.08640991662049079
1,1,0.8108475229279075
0,0,0.022119101489321818
1,1,0.9936902316937875
0,0,0.15420288138403795
0,0,0.008906334456310163
1,1,0.9550761975070822
1,1,0.9040493176763258
1,1,0.8076723828330186
1,0,0.3501718310119714
0,0,0.11079496741936262
1,1,0.9989357059470192
1,1,0.9730108552966772
0,0,0.02039176176434425
0,0,0.1594087009313672
1,1,0.9799872000358819
1,1,0.9986447881497479
1,1,0.9989074284072331
1,1,0.9911466500738308
0,1,0.5291512711446451
1,0,0.4006884424576215
0,0,0.15363988318540786
1,1,0.9974394720883081
1,1,0.9437771307735141
1,1,0.9455385814285739
0,0,0.03545790896615168
1,1,0.9659598573222623
0,0,0.07208057647710579
1,1,0.9989767573406357
1,1,0.5149737255836151
1,1,0.8715703158750235
0,0,0.01638040758881561
0,0,0.10274598482394644
1,1,0.9978402656872045
1,1,0.8047342155794973
1,1,0.9977409547449215
1,1,0.9323704816004175
1,1,0.9997569175061419
1,1,0.5084147181388957
0,1,0.7354376723016417
1,1,0.7262278931580892
0,0,0.08136778138665221
1,1,0.999783995443899
0,0,0.07847262785217655
1,1,0.997538093199016
1,1,0.9988635987754916
0,0,0.20129841818227176
1,1,0.8067884537668882
1,1,0.9998154673563113
0,0,0.016030828612686607
0,0,0.10823505793254216
1,0,0.3221612162133262
1,1,0.9490960516146129
1,1,0.936393052505093
0,0,0.35747213152375323
1,0,0.49450989540478735
1,1,0.9820464536854656
1,1,0.9957352084558112
1,1,0.9937257481037979
0,1,0.6461998601364052
0,0,0.23457147933587055
0,0,0.012646333920452722
1,0,0.39304545765000864
0,0,0.07436706556227889
1,1,0.8807285775127421
0,1,0.9997753222899541
1,1,0.8686031518199351
1,1,0.9779435056633495
1,1,0.7118242445132328
1,1,0.8655780088401652
0,1,0.5905210438215074
0,0,0.08136778138665221
0,0,0.03501173921371056
0,0,0.014209508651162514
1,1,0.996494703848228
0,0,0.18473975223237615
1,1,0.9655256267148101
0,0,0.30958944912131836
1,1,0.9527689905514983
1,1,0.9977537219958321
1,1,0.8301626473181773
1,1,0.7236105579443447
1,1,0.864043493678873
1,1,0.9817118608166338
1,1,0.9985984103497291
1,1,0.8773333521992763
1,1,0.953356138257564
1,1,0.9268481927492127
0,0,0.31429580885429964
0,0,0.003715768862569264
1,1,0.9985422022326536
1,1,0.9085079132944119
0,0,0.13629735824302497
1,1,0.6797093286330601
1,1,0.9825034771762856
1,1,0.6938250638925754
1,1,0.7625603459284828
1,1,0.6870001989671739
1,0,0.45743734619944887
1,0,0.2717434975679176
0,0,0.19919642482511973
0,0,0.051836922642656616
0,0,0.018294242080380062
0,0,0.02183697510882356
0,0,0.03972730024922493
0,0,0.07436706556227889
1,1,0.7898917015669282
1,1,0.8256130045425443
0,0,0.09620240407950222
1,1,0.9852074958879128
1,1,0.736044635094632
0,0,0.003480565408924434
0,0,0.0651017370943025
0,0,0.012646333920452722
1,1,0.6169927291670875
1,1,0.9755612211746016
1,1,0.962602030638184
1,1,0.9973018213466317
1,1,0.9903029473183849
1,1,0.9503494495590957
1,1,0.8005762242206641
1,1,0.9989767573406357
1,1,0.9779435056633495
1,1,0.9891613702464382
1,1,0.9867599400677977
1,1,0.9988930094407088
0,0,0.07537017134369353
1,1,0.9957905856309633
0,0,0.03132723036430013
0,0,0.004520660667669572
0,1,0.6310560017412638
1,1,0.9392029900542864
1,1,0.9853975678939676
0,0,0.0029361843666604512
0,0,0.28138208661419534
0,0,0.2606448981342732
1,1,0.9961586823943323
1,1,0.9929046719448192
0,0,0.24517873639168766
1,1,0.9909133053240968
1,1,0.8815084230469536
1,1,0.9989155235477364
0,0,0.08910730131974202
1,1,0.8993975054547774
1,1,0.9977241119399108
0,1,0.6249234388913723
1,1,0.5062146279372253
0,1,0.5299290014193629
1,1,0.9997753222899541
1,1,0.8920443875695183
1,1,0.883779702712426
1,1,0.9469429068753245
0,1,0.771935000772235
1,1,0.9739467683463449
1,1,0.9870033978880907
0,1,0.7145091574861981
1,1,0.9223693456872633
0,0,0.04297115017511778
0,0,0.010275470830112985
1,1,0.999583715747749
1,1,0.999604999083906
0,1,0.9998003504541535
1,1,0.6208247810221021
1,1,0.9997191720151785
1,1,0.9085079132944119
0,0,0.01623918688385324
1,1,0.8245385103777619
0,1,0.7145091574861981
0,0,0.4658114487888837
1,0,0.2957401332040899
1,1,0.94347495511922
1,0,0.4930900045985326
1,1,0.5076344647296784
1,1,0.5127748588254253
1,1,0.9989975698821162
1,1,0.966812540760299
1,0,0.4650347266846182
1,1,0.9331934306372055
